zone_id,zone_description,timestamp,deformation_mm,gap_mm,vibration_level,temperature,load_estimate
North-Abutment,Foundation zone at northern end,2024-01-01 00:00:00,8.1005,1.2117,0.466,18.75,798.7
North-Abutment,Foundation zone at northern end,2024-01-01 04:00:00,8.2126,1.2259,0.129,28.04,1066.2
North-Abutment,Foundation zone at northern end,2024-01-01 08:00:00,8.3244,1.2395,0.1909,27.69,383.4
North-Abutment,Foundation zone at northern end,2024-01-01 12:00:00,8.4403,1.2545,0.316,15.13,491.2
North-Abutment,Foundation zone at northern end,2024-01-01 16:00:00,8.5662,1.2705,0.328,6.25,985.2
North-Abutment,Foundation zone at northern end,2024-01-01 20:00:00,8.6961,1.2874,0.3962,5.47,246.5
North-Abutment,Foundation zone at northern end,2024-01-02 00:00:00,8.8413,1.3049,0.4421,17.1,640.2
North-Abutment,Foundation zone at northern end,2024-01-02 04:00:00,8.9963,1.3207,0.1172,26.81,1109.3
North-Abutment,Foundation zone at northern end,2024-01-02 08:00:00,9.1464,1.3411,0.3734,28.71,384.9
North-Abutment,Foundation zone at northern end,2024-01-02 12:00:00,9.3063,1.3597,0.1442,18.26,396.0
North-Abutment,Foundation zone at northern end,2024-01-02 16:00:00,9.4817,1.3818,0.5144,5.39,556.8
North-Abutment,Foundation zone at northern end,2024-01-02 20:00:00,9.6614,1.4049,0.1705,4.96,1002.2
North-Abutment,Foundation zone at northern end,2024-01-03 00:00:00,9.855,1.426,0.4856,19.55,274.0
North-Abutment,Foundation zone at northern end,2024-01-03 04:00:00,10.0584,1.4503,0.5316,27.93,823.3
North-Abutment,Foundation zone at northern end,2024-01-03 08:00:00,10.2652,1.4755,0.4648,26.73,837.6
North-Abutment,Foundation zone at northern end,2024-01-03 12:00:00,10.4782,1.504,0.1598,19.51,913.2
North-Abutment,Foundation zone at northern end,2024-01-03 16:00:00,10.7059,1.5308,0.3614,7.55,627.5
North-Abutment,Foundation zone at northern end,2024-01-03 20:00:00,10.9319,1.5587,0.2572,7.16,708.6
North-Abutment,Foundation zone at northern end,2024-01-04 00:00:00,11.1568,1.5843,0.2144,20.22,277.0
North-Abutment,Foundation zone at northern end,2024-01-04 04:00:00,11.4173,1.6158,0.5648,27.64,1008.1
North-Abutment,Foundation zone at northern end,2024-01-04 08:00:00,11.6796,1.6456,0.5463,27.6,739.3
North-Abutment,Foundation zone at northern end,2024-01-04 12:00:00,11.9353,1.6767,0.214,17.51,627.1
North-Abutment,Foundation zone at northern end,2024-01-04 16:00:00,12.1965,1.7075,0.3087,7.62,422.1
North-Abutment,Foundation zone at northern end,2024-01-04 20:00:00,12.4853,1.7416,0.5715,6.4,523.2
North-Abutment,Foundation zone at northern end,2024-01-05 00:00:00,12.7733,1.7723,0.5812,18.39,451.8
North-Abutment,Foundation zone at northern end,2024-01-05 04:00:00,13.0524,1.8107,0.2424,28.35,236.9
North-Abutment,Foundation zone at northern end,2024-01-05 08:00:00,13.3451,1.848,0.1724,28.1,689.5
North-Abutment,Foundation zone at northern end,2024-01-05 12:00:00,13.6561,1.8818,0.2188,19.13,928.2
North-Abutment,Foundation zone at northern end,2024-01-05 16:00:00,13.9769,1.9173,0.1451,8.49,1035.3
North-Abutment,Foundation zone at northern end,2024-01-05 20:00:00,14.2844,1.9551,0.1204,6.76,790.9
North-Abutment,Foundation zone at northern end,2024-01-06 00:00:00,14.6181,1.9933,0.4455,16.41,586.7
North-Abutment,Foundation zone at northern end,2024-01-06 04:00:00,14.9763,2.0334,0.5623,27.91,1077.3
North-Abutment,Foundation zone at northern end,2024-01-06 08:00:00,15.3219,2.0748,0.3648,28.73,441.9
North-Abutment,Foundation zone at northern end,2024-01-06 12:00:00,15.6697,2.1169,0.2695,19.17,549.2
North-Abutment,Foundation zone at northern end,2024-01-06 16:00:00,16.0261,2.1601,0.421,7.98,284.1
North-Abutment,Foundation zone at northern end,2024-01-06 20:00:00,16.3817,2.2028,0.1025,6.54,360.8
North-Abutment,Foundation zone at northern end,2024-01-07 00:00:00,16.7597,2.2502,0.4561,16.21,437.2
North-Abutment,Foundation zone at northern end,2024-01-07 04:00:00,17.1587,2.3014,0.4248,27.16,1049.2
North-Abutment,Foundation zone at northern end,2024-01-07 08:00:00,17.5346,2.3467,0.2326,28.02,444.0
North-Abutment,Foundation zone at northern end,2024-01-07 12:00:00,17.9475,2.3992,0.546,18.51,831.1
North-Abutment,Foundation zone at northern end,2024-01-07 16:00:00,18.3621,2.4455,0.1976,7.21,922.5
North-Abutment,Foundation zone at northern end,2024-01-07 20:00:00,18.7995,2.4995,0.5702,8.33,1153.9
North-Abutment,Foundation zone at northern end,2024-01-08 00:00:00,19.2436,2.5512,0.5818,18.71,1053.0
North-Abutment,Foundation zone at northern end,2024-01-08 04:00:00,19.6798,2.6009,0.5256,26.12,516.9
North-Abutment,Foundation zone at northern end,2024-01-08 08:00:00,20.1102,2.6525,0.385,28.65,297.2
North-Abutment,Foundation zone at northern end,2024-01-08 12:00:00,20.5777,2.7102,0.5387,16.29,940.8
North-Abutment,Foundation zone at northern end,2024-01-08 16:00:00,21.0449,2.7677,0.5047,5.54,1010.1
North-Abutment,Foundation zone at northern end,2024-01-08 20:00:00,21.5228,2.8259,0.4991,13.39,850.0
North-Abutment,Foundation zone at northern end,2024-01-09 00:00:00,21.9786,2.8793,0.2878,17.53,294.0
North-Abutment,Foundation zone at northern end,2024-01-09 04:00:00,22.4574,2.9332,0.3328,28.52,742.6
North-Abutment,Foundation zone at northern end,2024-01-09 08:00:00,22.9337,2.9884,0.1635,27.68,722.2
North-Abutment,Foundation zone at northern end,2024-01-09 12:00:00,23.417,3.045,0.4114,19.02,285.3
North-Abutment,Foundation zone at northern end,2024-01-09 16:00:00,23.9406,3.1035,0.463,10.82,1175.9
North-Abutment,Foundation zone at northern end,2024-01-09 20:00:00,24.4473,3.1645,0.4976,7.89,470.8
North-Abutment,Foundation zone at northern end,2024-01-10 00:00:00,24.9518,3.2237,0.3045,18.76,373.3
North-Abutment,Foundation zone at northern end,2024-01-10 04:00:00,25.4774,3.2892,0.3746,27.41,914.6
North-Abutment,Foundation zone at northern end,2024-01-10 08:00:00,26.0003,3.354,0.3098,31.58,447.7
North-Abutment,Foundation zone at northern end,2024-01-10 12:00:00,26.5093,3.4164,0.1072,16.94,316.1
North-Abutment,Foundation zone at northern end,2024-01-10 16:00:00,27.053,3.4811,0.3458,6.22,673.5
North-Abutment,Foundation zone at northern end,2024-01-10 20:00:00,27.6042,3.5478,0.2993,5.74,815.9
North-Abutment,Foundation zone at northern end,2024-01-11 00:00:00,28.1713,3.6145,0.3516,20.16,1056.5
North-Abutment,Foundation zone at northern end,2024-01-11 04:00:00,28.7281,3.6805,0.1353,29.09,842.4
North-Abutment,Foundation zone at northern end,2024-01-11 08:00:00,29.3073,3.754,0.2941,28.56,843.3
North-Abutment,Foundation zone at northern end,2024-01-11 12:00:00,29.9056,3.8244,0.5707,15.07,586.1
North-Abutment,Foundation zone at northern end,2024-01-11 16:00:00,30.4918,3.8938,0.5224,7.3,223.3
North-Abutment,Foundation zone at northern end,2024-01-11 20:00:00,31.086,3.9653,0.1591,8.88,896.7
North-Abutment,Foundation zone at northern end,2024-01-12 00:00:00,31.6744,4.0371,0.241,19.22,377.4
North-Abutment,Foundation zone at northern end,2024-01-12 04:00:00,32.3112,4.1117,0.5953,29.31,612.6
North-Abutment,Foundation zone at northern end,2024-01-12 08:00:00,32.9451,4.1895,0.5292,29.21,629.0
North-Abutment,Foundation zone at northern end,2024-01-12 12:00:00,33.5785,4.265,0.1516,19.22,1102.6
North-Abutment,Foundation zone at northern end,2024-01-12 16:00:00,34.191,4.3393,0.2946,8.63,210.8
North-Abutment,Foundation zone at northern end,2024-01-12 20:00:00,34.8557,4.4236,0.5753,7.41,773.4
North-Abutment,Foundation zone at northern end,2024-01-13 00:00:00,35.5214,4.5053,0.4363,16.49,952.4
North-Abutment,Foundation zone at northern end,2024-01-13 04:00:00,36.1636,4.581,0.1456,29.33,694.4
North-Abutment,Foundation zone at northern end,2024-01-13 08:00:00,36.809,4.6593,0.2755,29.85,317.1
North-Abutment,Foundation zone at northern end,2024-01-13 12:00:00,37.4751,4.7381,0.4091,17.15,301.1
North-Abutment,Foundation zone at northern end,2024-01-13 16:00:00,38.1605,4.8174,0.1424,6.9,1186.6
North-Abutment,Foundation zone at northern end,2024-01-13 20:00:00,38.8825,4.9039,0.5064,5.5,1147.2
North-Abutment,Foundation zone at northern end,2024-01-14 00:00:00,39.6011,4.9894,0.3121,18.47,1106.4
North-Abutment,Foundation zone at northern end,2024-01-14 04:00:00,40.2843,5.0696,0.1057,26.89,668.7
North-Abutment,Foundation zone at northern end,2024-01-14 08:00:00,41.022,5.1588,0.5811,29.17,574.9
North-Abutment,Foundation zone at northern end,2024-01-14 12:00:00,41.7517,5.2462,0.2118,17.4,1163.2
North-Abutment,Foundation zone at northern end,2024-01-14 16:00:00,42.5028,5.3396,0.5847,7.75,723.1
North-Abutment,Foundation zone at northern end,2024-01-14 20:00:00,43.2473,5.4289,0.3273,9.05,827.6
North-Abutment,Foundation zone at northern end,2024-01-15 00:00:00,43.9639,5.5111,0.2387,21.28,388.1
North-Abutment,Foundation zone at northern end,2024-01-15 04:00:00,44.7032,5.6034,0.3918,27.6,277.7
North-Abutment,Foundation zone at northern end,2024-01-15 08:00:00,45.4555,5.6913,0.4424,29.82,362.6
North-Abutment,Foundation zone at northern end,2024-01-15 12:00:00,46.2683,5.7873,0.5664,20.75,1066.1
North-Abutment,Foundation zone at northern end,2024-01-15 16:00:00,47.0907,5.8851,0.585,5.04,1042.1
North-Abutment,Foundation zone at northern end,2024-01-15 20:00:00,47.8591,5.9774,0.3074,9.46,473.4
North-Abutment,Foundation zone at northern end,2024-01-16 00:00:00,48.6325,6.0702,0.3253,17.32,329.2
North-Abutment,Foundation zone at northern end,2024-01-16 04:00:00,49.419,6.1678,0.2143,29.16,871.7
North-Abutment,Foundation zone at northern end,2024-01-16 08:00:00,50.2372,6.2688,0.3602,28.89,972.3
North-Abutment,Foundation zone at northern end,2024-01-16 12:00:00,51.0566,6.3691,0.376,18.1,760.9
North-Abutment,Foundation zone at northern end,2024-01-16 16:00:00,51.8814,6.4696,0.452,8.58,413.0
North-Abutment,Foundation zone at northern end,2024-01-16 20:00:00,52.701,6.5695,0.2961,4.97,637.5
North-Abutment,Foundation zone at northern end,2024-01-17 00:00:00,53.5391,6.6666,0.2983,20.25,822.1
North-Abutment,Foundation zone at northern end,2024-01-17 04:00:00,54.3983,6.7705,0.3296,28.31,1180.0
North-Abutment,Foundation zone at northern end,2024-01-17 08:00:00,55.2101,6.8684,0.1379,26.44,328.9
North-Abutment,Foundation zone at northern end,2024-01-17 12:00:00,56.0438,6.9703,0.1909,16.59,545.7
North-Abutment,Foundation zone at northern end,2024-01-17 16:00:00,56.8717,7.0684,0.1961,6.13,240.9
North-Abutment,Foundation zone at northern end,2024-01-17 20:00:00,57.7061,7.1665,0.1885,6.42,288.7
North-Abutment,Foundation zone at northern end,2024-01-18 00:00:00,58.5955,7.2724,0.3517,17.17,890.4
North-Abutment,Foundation zone at northern end,2024-01-18 04:00:00,59.5319,7.3844,0.5368,28.71,1120.9
North-Abutment,Foundation zone at northern end,2024-01-18 08:00:00,60.3989,7.4875,0.1923,29.31,409.3
North-Abutment,Foundation zone at northern end,2024-01-18 12:00:00,61.3124,7.5958,0.4091,14.55,568.9
North-Abutment,Foundation zone at northern end,2024-01-18 16:00:00,62.2307,7.7056,0.3558,8.47,732.1
North-Abutment,Foundation zone at northern end,2024-01-18 20:00:00,63.1375,7.812,0.3663,6.17,442.5
North-Abutment,Foundation zone at northern end,2024-01-19 00:00:00,64.0609,7.9267,0.1599,17.03,1090.5
North-Abutment,Foundation zone at northern end,2024-01-19 04:00:00,65.0173,8.0397,0.4946,29.71,698.4
North-Abutment,Foundation zone at northern end,2024-01-19 08:00:00,65.9389,8.1483,0.3158,30.68,327.6
North-Abutment,Foundation zone at northern end,2024-01-19 12:00:00,66.8999,8.2654,0.423,15.93,770.8
North-Abutment,Foundation zone at northern end,2024-01-19 16:00:00,67.8256,8.3768,0.1933,6.63,485.1
North-Abutment,Foundation zone at northern end,2024-01-19 20:00:00,68.8154,8.4939,0.3052,6.36,1182.4
North-Abutment,Foundation zone at northern end,2024-01-20 00:00:00,69.7825,8.6098,0.1854,17.13,868.6
North-Abutment,Foundation zone at northern end,2024-01-20 04:00:00,70.7553,8.728,0.3858,29.52,480.0
North-Abutment,Foundation zone at northern end,2024-01-20 08:00:00,71.7246,8.8457,0.3538,27.25,442.4
North-Abutment,Foundation zone at northern end,2024-01-20 12:00:00,72.7139,8.962,0.2443,16.64,781.2
North-Abutment,Foundation zone at northern end,2024-01-20 16:00:00,73.6874,9.0808,0.2683,6.63,334.4
North-Abutment,Foundation zone at northern end,2024-01-20 20:00:00,74.6983,9.2047,0.2273,6.74,881.5
North-Abutment,Foundation zone at northern end,2024-01-21 00:00:00,75.7334,9.3301,0.2744,14.29,1129.5
North-Abutment,Foundation zone at northern end,2024-01-21 04:00:00,76.7745,9.4546,0.5692,27.49,381.2
North-Abutment,Foundation zone at northern end,2024-01-21 08:00:00,77.8062,9.5774,0.1699,30.14,995.3
North-Abutment,Foundation zone at northern end,2024-01-21 12:00:00,78.8487,9.7065,0.1821,17.35,1014.6
North-Abutment,Foundation zone at northern end,2024-01-21 16:00:00,79.9129,9.8302,0.2962,8.91,1016.6
North-Abutment,Foundation zone at northern end,2024-01-21 20:00:00,80.9582,9.959,0.3313,6.1,501.4
North-Abutment,Foundation zone at northern end,2024-01-22 00:00:00,82.0201,10.087,0.2919,18.49,743.6
North-Abutment,Foundation zone at northern end,2024-01-22 04:00:00,83.0908,10.2185,0.1584,29.55,1139.8
North-Abutment,Foundation zone at northern end,2024-01-22 08:00:00,84.184,10.3503,0.41,28.9,733.5
North-Abutment,Foundation zone at northern end,2024-01-22 12:00:00,85.2404,10.4749,0.1758,18.37,511.7
North-Abutment,Foundation zone at northern end,2024-01-22 16:00:00,86.3825,10.6143,0.4812,7.72,1076.8
North-Abutment,Foundation zone at northern end,2024-01-22 20:00:00,87.4821,10.7444,0.1553,6.84,1046.5
North-Abutment,Foundation zone at northern end,2024-01-23 00:00:00,88.5926,10.8792,0.2146,17.33,922.3
North-Abutment,Foundation zone at northern end,2024-01-23 04:00:00,89.7295,11.0135,0.447,30.43,742.7
North-Abutment,Foundation zone at northern end,2024-01-23 08:00:00,90.8932,11.153,0.331,25.72,1147.3
North-Abutment,Foundation zone at northern end,2024-01-23 12:00:00,92.0394,11.292,0.3529,16.31,811.5
North-Abutment,Foundation zone at northern end,2024-01-23 16:00:00,93.1777,11.4322,0.4536,8.33,352.5
North-Abutment,Foundation zone at northern end,2024-01-23 20:00:00,94.3373,11.5716,0.3121,9.63,936.4
North-Abutment,Foundation zone at northern end,2024-01-24 00:00:00,95.5025,11.7106,0.3956,18.08,599.0
North-Abutment,Foundation zone at northern end,2024-01-24 04:00:00,96.6559,11.8462,0.5014,27.75,204.6
North-Abutment,Foundation zone at northern end,2024-01-24 08:00:00,97.8091,11.9838,0.2732,29.63,547.0
North-Abutment,Foundation zone at northern end,2024-01-24 12:00:00,98.9662,12.1223,0.2123,20.5,652.4
North-Abutment,Foundation zone at northern end,2024-01-24 16:00:00,100.1813,12.2718,0.5574,3.56,562.4
North-Abutment,Foundation zone at northern end,2024-01-24 20:00:00,101.3515,12.4101,0.1065,9.3,863.5
North-Abutment,Foundation zone at northern end,2024-01-25 00:00:00,102.5412,12.5533,0.1335,21.86,950.0
North-Abutment,Foundation zone at northern end,2024-01-25 04:00:00,103.7085,12.6923,0.2026,28.18,390.7
North-Abutment,Foundation zone at northern end,2024-01-25 08:00:00,104.9507,12.836,0.4878,27.32,653.3
North-Abutment,Foundation zone at northern end,2024-01-25 12:00:00,106.1754,12.9824,0.3004,19.64,759.6
North-Abutment,Foundation zone at northern end,2024-01-25 16:00:00,107.4152,13.1334,0.422,5.5,608.7
North-Abutment,Foundation zone at northern end,2024-01-25 20:00:00,108.6023,13.2732,0.1135,9.52,422.0
North-Abutment,Foundation zone at northern end,2024-01-26 00:00:00,109.8505,13.4223,0.4264,17.21,438.2
North-Abutment,Foundation zone at northern end,2024-01-26 04:00:00,111.1561,13.5815,0.4611,27.83,1055.7
North-Abutment,Foundation zone at northern end,2024-01-26 08:00:00,112.4396,13.7358,0.2466,26.77,1096.3
North-Abutment,Foundation zone at northern end,2024-01-26 12:00:00,113.7372,13.8939,0.3107,16.12,1092.7
North-Abutment,Foundation zone at northern end,2024-01-26 16:00:00,115.0052,14.0442,0.3951,6.55,468.1
North-Abutment,Foundation zone at northern end,2024-01-26 20:00:00,116.2972,14.1989,0.376,10.24,636.1
North-Abutment,Foundation zone at northern end,2024-01-27 00:00:00,117.6297,14.3589,0.5342,17.18,687.4
North-Abutment,Foundation zone at northern end,2024-01-27 04:00:00,118.8933,14.5069,0.3126,28.62,222.5
North-Abutment,Foundation zone at northern end,2024-01-27 08:00:00,120.2052,14.664,0.1697,26.37,1034.9
North-Abutment,Foundation zone at northern end,2024-01-27 12:00:00,121.4804,14.815,0.1858,18.52,472.3
North-Abutment,Foundation zone at northern end,2024-01-27 16:00:00,122.8439,14.98,0.4257,8.22,1029.7
North-Abutment,Foundation zone at northern end,2024-01-27 20:00:00,124.1968,15.1406,0.4003,9.08,865.0
North-Abutment,Foundation zone at northern end,2024-01-28 00:00:00,125.5311,15.3011,0.1831,17.06,938.0
North-Abutment,Foundation zone at northern end,2024-01-28 04:00:00,126.8479,15.4569,0.2227,27.26,589.3
North-Abutment,Foundation zone at northern end,2024-01-28 08:00:00,128.217,15.6216,0.3832,26.93,676.1
North-Abutment,Foundation zone at northern end,2024-01-28 12:00:00,129.5813,15.7859,0.4663,18.28,414.9
North-Abutment,Foundation zone at northern end,2024-01-28 16:00:00,130.9641,15.9518,0.2671,11.45,970.9
North-Abutment,Foundation zone at northern end,2024-01-28 20:00:00,132.3631,16.1182,0.4442,10.26,634.8
North-Abutment,Foundation zone at northern end,2024-01-29 00:00:00,133.7445,16.282,0.2361,18.95,790.2
North-Abutment,Foundation zone at northern end,2024-01-29 04:00:00,135.1525,16.4523,0.5587,28.02,336.8
North-Abutment,Foundation zone at northern end,2024-01-29 08:00:00,136.6097,16.6289,0.5365,28.66,932.2
North-Abutment,Foundation zone at northern end,2024-01-29 12:00:00,138.0725,16.8012,0.4461,19.62,1049.2
North-Abutment,Foundation zone at northern end,2024-01-29 16:00:00,139.4705,16.9667,0.1903,8.25,767.9
North-Abutment,Foundation zone at northern end,2024-01-29 20:00:00,140.9827,17.1495,0.5622,9.19,1171.1
North-Abutment,Foundation zone at northern end,2024-01-30 00:00:00,142.4314,17.3235,0.2596,18.04,1028.9
North-Abutment,Foundation zone at northern end,2024-01-30 04:00:00,143.8178,17.4888,0.215,27.7,320.6
North-Abutment,Foundation zone at northern end,2024-01-30 08:00:00,145.208,17.659,0.1327,30.28,515.3
North-Abutment,Foundation zone at northern end,2024-01-30 12:00:00,146.6629,17.8352,0.2594,18.29,825.9
North-Abutment,Foundation zone at northern end,2024-01-30 16:00:00,148.2063,18.0189,0.5695,7.73,998.8
North-Abutment,Foundation zone at northern end,2024-01-30 20:00:00,149.6901,18.2,0.3399,9.72,827.5
Main-Span-Center,"Central span mid-point, highest load",2024-01-01 00:00:00,12.0506,2.1036,0.2194,20.37,310.5
Main-Span-Center,"Central span mid-point, highest load",2024-01-01 04:00:00,12.107,2.1109,0.2482,27.01,433.6
Main-Span-Center,"Central span mid-point, highest load",2024-01-01 08:00:00,12.165,2.1203,0.2091,30.72,1150.0
Main-Span-Center,"Central span mid-point, highest load",2024-01-01 12:00:00,12.2272,2.1291,0.5724,17.68,667.4
Main-Span-Center,"Central span mid-point, highest load",2024-01-01 16:00:00,12.2979,2.136,0.4039,7.86,712.7
Main-Span-Center,"Central span mid-point, highest load",2024-01-01 20:00:00,12.3641,2.1467,0.2102,6.81,386.4
Main-Span-Center,"Central span mid-point, highest load",2024-01-02 00:00:00,12.4359,2.1545,0.448,20.13,353.9
Main-Span-Center,"Central span mid-point, highest load",2024-01-02 04:00:00,12.5189,2.1673,0.2119,29.34,737.0
Main-Span-Center,"Central span mid-point, highest load",2024-01-02 08:00:00,12.6031,2.1781,0.5444,27.47,1155.7
Main-Span-Center,"Central span mid-point, highest load",2024-01-02 12:00:00,12.6882,2.1868,0.4276,18.5,750.9
Main-Span-Center,"Central span mid-point, highest load",2024-01-02 16:00:00,12.7745,2.1965,0.4617,5.54,695.9
Main-Span-Center,"Central span mid-point, highest load",2024-01-02 20:00:00,12.878,2.2066,0.5256,7.94,695.1
Main-Span-Center,"Central span mid-point, highest load",2024-01-03 00:00:00,12.9782,2.2193,0.439,17.27,765.7
Main-Span-Center,"Central span mid-point, highest load",2024-01-03 04:00:00,13.0823,2.2324,0.4987,27.85,858.5
Main-Span-Center,"Central span mid-point, highest load",2024-01-03 08:00:00,13.1904,2.2445,0.4093,29.99,952.7
Main-Span-Center,"Central span mid-point, highest load",2024-01-03 12:00:00,13.2967,2.2563,0.2676,18.22,943.5
Main-Span-Center,"Central span mid-point, highest load",2024-01-03 16:00:00,13.4045,2.269,0.1032,7.65,487.0
Main-Span-Center,"Central span mid-point, highest load",2024-01-03 20:00:00,13.5175,2.2866,0.4159,7.68,459.8
Main-Span-Center,"Central span mid-point, highest load",2024-01-04 00:00:00,13.635,2.3004,0.4805,17.54,741.3
Main-Span-Center,"Central span mid-point, highest load",2024-01-04 04:00:00,13.755,2.3154,0.4163,28.81,1132.0
Main-Span-Center,"Central span mid-point, highest load",2024-01-04 08:00:00,13.8688,2.3319,0.1337,30.0,782.2
Main-Span-Center,"Central span mid-point, highest load",2024-01-04 12:00:00,13.9897,2.3475,0.1229,15.72,1071.5
Main-Span-Center,"Central span mid-point, highest load",2024-01-04 16:00:00,14.1181,2.36,0.4416,9.96,645.9
Main-Span-Center,"Central span mid-point, highest load",2024-01-04 20:00:00,14.2442,2.377,0.1818,4.31,994.8
Main-Span-Center,"Central span mid-point, highest load",2024-01-05 00:00:00,14.3756,2.3944,0.4273,18.37,473.3
Main-Span-Center,"Central span mid-point, highest load",2024-01-05 04:00:00,14.5073,2.4095,0.3099,28.24,838.5
Main-Span-Center,"Central span mid-point, highest load",2024-01-05 08:00:00,14.6504,2.4241,0.547,28.32,430.0
Main-Span-Center,"Central span mid-point, highest load",2024-01-05 12:00:00,14.7991,2.4427,0.5322,20.17,673.2
Main-Span-Center,"Central span mid-point, highest load",2024-01-05 16:00:00,14.952,2.4612,0.4805,8.46,826.2
Main-Span-Center,"Central span mid-point, highest load",2024-01-05 20:00:00,15.1027,2.4832,0.4983,8.67,681.5
Main-Span-Center,"Central span mid-point, highest load",2024-01-06 00:00:00,15.2471,2.5029,0.1321,17.94,782.0
Main-Span-Center,"Central span mid-point, highest load",2024-01-06 04:00:00,15.4,2.5166,0.2552,27.41,655.2
Main-Span-Center,"Central span mid-point, highest load",2024-01-06 08:00:00,15.5692,2.5346,0.4475,26.02,1060.1
Main-Span-Center,"Central span mid-point, highest load",2024-01-06 12:00:00,15.7349,2.5522,0.221,17.93,1186.7
Main-Span-Center,"Central span mid-point, highest load",2024-01-06 16:00:00,15.9012,2.5722,0.3798,9.86,209.8
Main-Span-Center,"Central span mid-point, highest load",2024-01-06 20:00:00,16.0612,2.5913,0.1439,4.55,550.6
Main-Span-Center,"Central span mid-point, highest load",2024-01-07 00:00:00,16.2378,2.615,0.5003,20.7,400.2
Main-Span-Center,"Central span mid-point, highest load",2024-01-07 04:00:00,16.4141,2.6348,0.1158,29.78,1136.2
Main-Span-Center,"Central span mid-point, highest load",2024-01-07 08:00:00,16.6018,2.6592,0.457,29.44,1001.7
Main-Span-Center,"Central span mid-point, highest load",2024-01-07 12:00:00,16.7898,2.6816,0.1401,17.2,1094.8
Main-Span-Center,"Central span mid-point, highest load",2024-01-07 16:00:00,16.9769,2.703,0.3632,10.72,931.6
Main-Span-Center,"Central span mid-point, highest load",2024-01-07 20:00:00,17.1707,2.7249,0.5359,6.88,419.2
Main-Span-Center,"Central span mid-point, highest load",2024-01-08 00:00:00,17.376,2.7486,0.3777,17.96,919.2
Main-Span-Center,"Central span mid-point, highest load",2024-01-08 04:00:00,17.5699,2.7686,0.1998,28.57,880.2
Main-Span-Center,"Central span mid-point, highest load",2024-01-08 08:00:00,17.7749,2.7905,0.4714,28.99,625.5
Main-Span-Center,"Central span mid-point, highest load",2024-01-08 12:00:00,17.9802,2.8171,0.5938,15.8,240.1
Main-Span-Center,"Central span mid-point, highest load",2024-01-08 16:00:00,18.1895,2.8421,0.3433,10.13,1073.4
Main-Span-Center,"Central span mid-point, highest load",2024-01-08 20:00:00,18.4034,2.8698,0.2384,8.93,792.4
Main-Span-Center,"Central span mid-point, highest load",2024-01-09 00:00:00,18.6266,2.8953,0.4579,17.06,1109.0
Main-Span-Center,"Central span mid-point, highest load",2024-01-09 04:00:00,18.8458,2.924,0.5857,27.38,381.0
Main-Span-Center,"Central span mid-point, highest load",2024-01-09 08:00:00,19.0635,2.9526,0.3227,29.21,714.8
Main-Span-Center,"Central span mid-point, highest load",2024-01-09 12:00:00,19.2749,2.9809,0.1818,15.39,591.1
Main-Span-Center,"Central span mid-point, highest load",2024-01-09 16:00:00,19.5093,3.009,0.5849,6.91,653.8
Main-Span-Center,"Central span mid-point, highest load",2024-01-09 20:00:00,19.7349,3.0359,0.2685,5.68,1028.9
Main-Span-Center,"Central span mid-point, highest load",2024-01-10 00:00:00,19.9613,3.0621,0.1835,20.25,367.6
Main-Span-Center,"Central span mid-point, highest load",2024-01-10 04:00:00,20.2117,3.0921,0.5221,31.51,1005.7
Main-Span-Center,"Central span mid-point, highest load",2024-01-10 08:00:00,20.4403,3.1211,0.2349,28.0,257.1
Main-Span-Center,"Central span mid-point, highest load",2024-01-10 12:00:00,20.673,3.1485,0.1197,18.08,322.1
Main-Span-Center,"Central span mid-point, highest load",2024-01-10 16:00:00,20.8982,3.1783,0.1208,7.73,348.3
Main-Span-Center,"Central span mid-point, highest load",2024-01-10 20:00:00,21.1555,3.2079,0.3274,8.13,715.6
Main-Span-Center,"Central span mid-point, highest load",2024-01-11 00:00:00,21.4017,3.2367,0.2009,19.66,873.4
Main-Span-Center,"Central span mid-point, highest load",2024-01-11 04:00:00,21.6627,3.2686,0.5341,31.26,377.1
Main-Span-Center,"Central span mid-point, highest load",2024-01-11 08:00:00,21.9254,3.3003,0.3486,28.62,817.8
Main-Span-Center,"Central span mid-point, highest load",2024-01-11 12:00:00,22.191,3.334,0.1152,19.58,1130.9
Main-Span-Center,"Central span mid-point, highest load",2024-01-11 16:00:00,22.4529,3.3666,0.2969,8.57,851.2
Main-Span-Center,"Central span mid-point, highest load",2024-01-11 20:00:00,22.7237,3.3998,0.5997,6.48,248.2
Main-Span-Center,"Central span mid-point, highest load",2024-01-12 00:00:00,23.0032,3.4327,0.3835,18.48,938.4
Main-Span-Center,"Central span mid-point, highest load",2024-01-12 04:00:00,23.281,3.4671,0.2635,29.84,867.6
Main-Span-Center,"Central span mid-point, highest load",2024-01-12 08:00:00,23.5653,3.5002,0.5089,27.95,320.2
Main-Span-Center,"Central span mid-point, highest load",2024-01-12 12:00:00,23.8485,3.5318,0.2623,18.02,566.5
Main-Span-Center,"Central span mid-point, highest load",2024-01-12 16:00:00,24.1184,3.5685,0.2188,6.12,573.3
Main-Span-Center,"Central span mid-point, highest load",2024-01-12 20:00:00,24.4131,3.6027,0.4097,9.12,663.5
Main-Span-Center,"Central span mid-point, highest load",2024-01-13 00:00:00,24.7024,3.6335,0.1128,14.25,541.2
Main-Span-Center,"Central span mid-point, highest load",2024-01-13 04:00:00,25.0058,3.6704,0.3901,25.92,733.6
Main-Span-Center,"Central span mid-point, highest load",2024-01-13 08:00:00,25.3088,3.7079,0.5778,29.28,218.2
Main-Span-Center,"Central span mid-point, highest load",2024-01-13 12:00:00,25.6106,3.7439,0.2217,18.42,1127.0
Main-Span-Center,"Central span mid-point, highest load",2024-01-13 16:00:00,25.9077,3.7799,0.2424,5.07,507.3
Main-Span-Center,"Central span mid-point, highest load",2024-01-13 20:00:00,26.2107,3.8187,0.2557,9.7,810.3
Main-Span-Center,"Central span mid-point, highest load",2024-01-14 00:00:00,26.5186,3.8559,0.1906,16.53,881.1
Main-Span-Center,"Central span mid-point, highest load",2024-01-14 04:00:00,26.8246,3.8943,0.4545,26.39,306.9
Main-Span-Center,"Central span mid-point, highest load",2024-01-14 08:00:00,27.1532,3.9337,0.503,28.36,750.2
Main-Span-Center,"Central span mid-point, highest load",2024-01-14 12:00:00,27.4874,3.9739,0.5757,17.36,801.6
Main-Span-Center,"Central span mid-point, highest load",2024-01-14 16:00:00,27.8108,4.0105,0.4055,6.55,611.0
Main-Span-Center,"Central span mid-point, highest load",2024-01-14 20:00:00,28.1401,4.0527,0.4903,6.57,474.8
Main-Span-Center,"Central span mid-point, highest load",2024-01-15 00:00:00,28.475,4.0903,0.4119,16.99,651.8
Main-Span-Center,"Central span mid-point, highest load",2024-01-15 04:00:00,28.8223,4.1319,0.4684,28.86,1062.8
Main-Span-Center,"Central span mid-point, highest load",2024-01-15 08:00:00,29.1637,4.1718,0.4035,28.46,746.7
Main-Span-Center,"Central span mid-point, highest load",2024-01-15 12:00:00,29.5044,4.2163,0.3972,15.95,696.8
Main-Span-Center,"Central span mid-point, highest load",2024-01-15 16:00:00,29.8622,4.2607,0.4462,10.12,1191.3
Main-Span-Center,"Central span mid-point, highest load",2024-01-15 20:00:00,30.194,4.2987,0.2371,10.05,279.4
Main-Span-Center,"Central span mid-point, highest load",2024-01-16 00:00:00,30.5309,4.3402,0.1347,17.03,719.1
Main-Span-Center,"Central span mid-point, highest load",2024-01-16 04:00:00,30.8904,4.3851,0.54,26.06,850.9
Main-Span-Center,"Central span mid-point, highest load",2024-01-16 08:00:00,31.2595,4.4333,0.5971,30.23,861.8
Main-Span-Center,"Central span mid-point, highest load",2024-01-16 12:00:00,31.6129,4.4756,0.3326,18.63,260.1
Main-Span-Center,"Central span mid-point, highest load",2024-01-16 16:00:00,31.9675,4.5183,0.2005,8.42,735.8
Main-Span-Center,"Central span mid-point, highest load",2024-01-16 20:00:00,32.3431,4.5641,0.4781,6.25,547.6
Main-Span-Center,"Central span mid-point, highest load",2024-01-17 00:00:00,32.7354,4.6138,0.5962,16.36,1127.0
Main-Span-Center,"Central span mid-point, highest load",2024-01-17 04:00:00,33.1144,4.6585,0.3605,28.6,823.6
Main-Span-Center,"Central span mid-point, highest load",2024-01-17 08:00:00,33.5039,4.7038,0.491,28.59,908.7
Main-Span-Center,"Central span mid-point, highest load",2024-01-17 12:00:00,33.8774,4.7505,0.1438,16.0,1137.0
Main-Span-Center,"Central span mid-point, highest load",2024-01-17 16:00:00,34.2565,4.797,0.4003,5.95,715.7
Main-Span-Center,"Central span mid-point, highest load",2024-01-17 20:00:00,34.6661,4.8459,0.5961,8.87,1051.4
Main-Span-Center,"Central span mid-point, highest load",2024-01-18 00:00:00,35.0733,4.8936,0.534,19.38,1005.9
Main-Span-Center,"Central span mid-point, highest load",2024-01-18 04:00:00,35.4565,4.9375,0.1405,29.88,603.0
Main-Span-Center,"Central span mid-point, highest load",2024-01-18 08:00:00,35.866,4.9866,0.4205,28.43,1022.5
Main-Span-Center,"Central span mid-point, highest load",2024-01-18 12:00:00,36.2765,5.0332,0.4031,19.23,964.8
Main-Span-Center,"Central span mid-point, highest load",2024-01-18 16:00:00,36.6656,5.0802,0.2838,6.01,268.2
Main-Span-Center,"Central span mid-point, highest load",2024-01-18 20:00:00,37.0849,5.1265,0.5829,8.4,632.5
Main-Span-Center,"Central span mid-point, highest load",2024-01-19 00:00:00,37.4923,5.1785,0.4204,16.59,416.0
Main-Span-Center,"Central span mid-point, highest load",2024-01-19 04:00:00,37.885,5.2287,0.176,30.22,261.3
Main-Span-Center,"Central span mid-point, highest load",2024-01-19 08:00:00,38.3085,5.2785,0.5918,28.62,439.2
Main-Span-Center,"Central span mid-point, highest load",2024-01-19 12:00:00,38.7244,5.3284,0.4461,17.55,262.3
Main-Span-Center,"Central span mid-point, highest load",2024-01-19 16:00:00,39.1511,5.3739,0.2531,8.26,823.9
Main-Span-Center,"Central span mid-point, highest load",2024-01-19 20:00:00,39.5724,5.4246,0.1654,9.01,1086.6
Main-Span-Center,"Central span mid-point, highest load",2024-01-20 00:00:00,40.0118,5.4771,0.5138,16.24,933.6
Main-Span-Center,"Central span mid-point, highest load",2024-01-20 04:00:00,40.4232,5.5275,0.1096,24.51,459.8
Main-Span-Center,"Central span mid-point, highest load",2024-01-20 08:00:00,40.84,5.5774,0.1061,26.17,441.2
Main-Span-Center,"Central span mid-point, highest load",2024-01-20 12:00:00,41.2751,5.6287,0.1549,18.87,748.0
Main-Span-Center,"Central span mid-point, highest load",2024-01-20 16:00:00,41.7001,5.6798,0.175,7.57,524.7
Main-Span-Center,"Central span mid-point, highest load",2024-01-20 20:00:00,42.1467,5.7323,0.2879,10.18,594.5
Main-Span-Center,"Central span mid-point, highest load",2024-01-21 00:00:00,42.6056,5.7882,0.4441,17.0,637.6
Main-Span-Center,"Central span mid-point, highest load",2024-01-21 04:00:00,43.065,5.8411,0.1192,27.66,1101.8
Main-Span-Center,"Central span mid-point, highest load",2024-01-21 08:00:00,43.5308,5.8969,0.4183,29.51,813.9
Main-Span-Center,"Central span mid-point, highest load",2024-01-21 12:00:00,43.9951,5.9519,0.1751,16.87,937.4
Main-Span-Center,"Central span mid-point, highest load",2024-01-21 16:00:00,44.4324,6.0016,0.1356,7.06,212.1
Main-Span-Center,"Central span mid-point, highest load",2024-01-21 20:00:00,44.8983,6.0591,0.2749,6.15,974.7
Main-Span-Center,"Central span mid-point, highest load",2024-01-22 00:00:00,45.3504,6.115,0.2325,19.78,220.9
Main-Span-Center,"Central span mid-point, highest load",2024-01-22 04:00:00,45.8235,6.1714,0.4123,27.26,581.9
Main-Span-Center,"Central span mid-point, highest load",2024-01-22 08:00:00,46.3083,6.228,0.422,30.38,730.3
Main-Span-Center,"Central span mid-point, highest load",2024-01-22 12:00:00,46.8135,6.2889,0.59,19.39,801.9
Main-Span-Center,"Central span mid-point, highest load",2024-01-22 16:00:00,47.2844,6.3428,0.164,8.42,538.3
Main-Span-Center,"Central span mid-point, highest load",2024-01-22 20:00:00,47.7718,6.4009,0.3197,4.66,812.9
Main-Span-Center,"Central span mid-point, highest load",2024-01-23 00:00:00,48.2675,6.4596,0.243,18.46,1015.9
Main-Span-Center,"Central span mid-point, highest load",2024-01-23 04:00:00,48.7704,6.5212,0.4775,28.82,660.5
Main-Span-Center,"Central span mid-point, highest load",2024-01-23 08:00:00,49.2623,6.5805,0.1887,29.39,745.0
Main-Span-Center,"Central span mid-point, highest load",2024-01-23 12:00:00,49.7695,6.6408,0.5089,17.02,413.5
Main-Span-Center,"Central span mid-point, highest load",2024-01-23 16:00:00,50.2831,6.7028,0.3952,8.07,708.4
Main-Span-Center,"Central span mid-point, highest load",2024-01-23 20:00:00,50.813,6.7671,0.4444,4.97,1073.3
Main-Span-Center,"Central span mid-point, highest load",2024-01-24 00:00:00,51.2932,6.8249,0.1047,17.79,446.7
Main-Span-Center,"Central span mid-point, highest load",2024-01-24 04:00:00,51.8145,6.8874,0.5,27.12,404.0
Main-Span-Center,"Central span mid-point, highest load",2024-01-24 08:00:00,52.3367,6.9496,0.2777,26.6,983.8
Main-Span-Center,"Central span mid-point, highest load",2024-01-24 12:00:00,52.8481,7.0126,0.4805,18.02,235.3
Main-Span-Center,"Central span mid-point, highest load",2024-01-24 16:00:00,53.3556,7.0748,0.2635,7.43,348.9
Main-Span-Center,"Central span mid-point, highest load",2024-01-24 20:00:00,53.9026,7.1388,0.5982,7.05,568.3
Main-Span-Center,"Central span mid-point, highest load",2024-01-25 00:00:00,54.4294,7.1985,0.2958,18.34,612.6
Main-Span-Center,"Central span mid-point, highest load",2024-01-25 04:00:00,54.9579,7.2673,0.4971,30.29,293.0
Main-Span-Center,"Central span mid-point, highest load",2024-01-25 08:00:00,55.4999,7.3364,0.39,27.55,761.5
Main-Span-Center,"Central span mid-point, highest load",2024-01-25 12:00:00,56.0592,7.402,0.4382,19.81,1005.0
Main-Span-Center,"Central span mid-point, highest load",2024-01-25 16:00:00,56.5804,7.466,0.1293,6.38,534.2
Main-Span-Center,"Central span mid-point, highest load",2024-01-25 20:00:00,57.1334,7.5325,0.4943,9.04,717.3
Main-Span-Center,"Central span mid-point, highest load",2024-01-26 00:00:00,57.6508,7.5985,0.1443,16.92,420.6
Main-Span-Center,"Central span mid-point, highest load",2024-01-26 04:00:00,58.2329,7.6725,0.5992,29.34,1133.1
Main-Span-Center,"Central span mid-point, highest load",2024-01-26 08:00:00,58.7739,7.7364,0.1592,30.22,609.9
Main-Span-Center,"Central span mid-point, highest load",2024-01-26 12:00:00,59.3371,7.802,0.3859,19.63,787.8
Main-Span-Center,"Central span mid-point, highest load",2024-01-26 16:00:00,59.9002,7.8695,0.2494,7.82,1140.7
Main-Span-Center,"Central span mid-point, highest load",2024-01-26 20:00:00,60.4944,7.9395,0.5364,5.22,1041.9
Main-Span-Center,"Central span mid-point, highest load",2024-01-27 00:00:00,61.0236,8.0043,0.1667,16.25,280.6
Main-Span-Center,"Central span mid-point, highest load",2024-01-27 04:00:00,61.5993,8.0746,0.3184,31.05,929.5
Main-Span-Center,"Central span mid-point, highest load",2024-01-27 08:00:00,62.1919,8.1454,0.4757,26.89,857.0
Main-Span-Center,"Central span mid-point, highest load",2024-01-27 12:00:00,62.7519,8.2134,0.2309,17.69,447.0
Main-Span-Center,"Central span mid-point, highest load",2024-01-27 16:00:00,63.339,8.2842,0.3249,8.98,976.7
Main-Span-Center,"Central span mid-point, highest load",2024-01-27 20:00:00,63.881,8.3522,0.1168,6.49,262.7
Main-Span-Center,"Central span mid-point, highest load",2024-01-28 00:00:00,64.4557,8.4214,0.1109,19.11,863.8
Main-Span-Center,"Central span mid-point, highest load",2024-01-28 04:00:00,65.0434,8.4917,0.5684,29.17,252.3
Main-Span-Center,"Central span mid-point, highest load",2024-01-28 08:00:00,65.6243,8.5629,0.199,29.58,765.3
Main-Span-Center,"Central span mid-point, highest load",2024-01-28 12:00:00,66.2193,8.633,0.4043,17.95,549.5
Main-Span-Center,"Central span mid-point, highest load",2024-01-28 16:00:00,66.8132,8.7046,0.3617,7.91,314.8
Main-Span-Center,"Central span mid-point, highest load",2024-01-28 20:00:00,67.4053,8.7762,0.1338,8.65,907.8
Main-Span-Center,"Central span mid-point, highest load",2024-01-29 00:00:00,68.0051,8.8505,0.1829,16.39,1145.7
Main-Span-Center,"Central span mid-point, highest load",2024-01-29 04:00:00,68.6149,8.9275,0.3311,29.75,611.8
Main-Span-Center,"Central span mid-point, highest load",2024-01-29 08:00:00,69.2389,9.0014,0.5032,28.42,659.2
Main-Span-Center,"Central span mid-point, highest load",2024-01-29 12:00:00,69.8377,9.0765,0.1824,16.8,530.2
Main-Span-Center,"Central span mid-point, highest load",2024-01-29 16:00:00,70.4889,9.1541,0.5398,8.09,1070.6
Main-Span-Center,"Central span mid-point, highest load",2024-01-29 20:00:00,71.1489,9.2328,0.5925,5.26,972.0
Main-Span-Center,"Central span mid-point, highest load",2024-01-30 00:00:00,71.7794,9.306,0.1527,17.73,856.8
Main-Span-Center,"Central span mid-point, highest load",2024-01-30 04:00:00,72.4416,9.3826,0.4878,30.11,1164.5
Main-Span-Center,"Central span mid-point, highest load",2024-01-30 08:00:00,73.0828,9.4589,0.3888,29.77,834.6
Main-Span-Center,"Central span mid-point, highest load",2024-01-30 12:00:00,73.7427,9.5362,0.5575,19.92,733.0
Main-Span-Center,"Central span mid-point, highest load",2024-01-30 16:00:00,74.4202,9.6163,0.5286,6.64,1106.1
Main-Span-Center,"Central span mid-point, highest load",2024-01-30 20:00:00,75.0631,9.6948,0.1921,7.0,1094.0
East-Pier-Joint,Beam-to-pier connection on east side,2024-01-01 00:00:00,6.0395,0.9053,0.1417,21.09,1082.4
East-Pier-Joint,Beam-to-pier connection on east side,2024-01-01 04:00:00,6.0804,0.9116,0.5836,30.51,617.8
East-Pier-Joint,Beam-to-pier connection on east side,2024-01-01 08:00:00,6.126,0.9189,0.1811,28.11,212.6
East-Pier-Joint,Beam-to-pier connection on east side,2024-01-01 12:00:00,6.1724,0.9237,0.4597,21.88,1090.3
East-Pier-Joint,Beam-to-pier connection on east side,2024-01-01 16:00:00,6.2163,0.9271,0.5095,8.12,740.8
East-Pier-Joint,Beam-to-pier connection on east side,2024-01-01 20:00:00,6.2525,0.9313,0.3356,9.32,1021.6
East-Pier-Joint,Beam-to-pier connection on east side,2024-01-02 00:00:00,6.295,0.9381,0.2676,19.95,373.8
East-Pier-Joint,Beam-to-pier connection on east side,2024-01-02 04:00:00,6.3355,0.9413,0.1503,29.21,439.9
East-Pier-Joint,Beam-to-pier connection on east side,2024-01-02 08:00:00,6.379,0.9486,0.4256,30.82,820.9
East-Pier-Joint,Beam-to-pier connection on east side,2024-01-02 12:00:00,6.4205,0.9547,0.3356,17.35,1179.1
East-Pier-Joint,Beam-to-pier connection on east side,2024-01-02 16:00:00,6.4687,0.9605,0.4432,5.84,269.6
East-Pier-Joint,Beam-to-pier connection on east side,2024-01-02 20:00:00,6.5162,0.9631,0.2136,7.22,1037.0
East-Pier-Joint,Beam-to-pier connection on east side,2024-01-03 00:00:00,6.5666,0.9692,0.2527,18.19,412.6
East-Pier-Joint,Beam-to-pier connection on east side,2024-01-03 04:00:00,6.6149,0.9769,0.5356,28.66,966.1
East-Pier-Joint,Beam-to-pier connection on east side,2024-01-03 08:00:00,6.6586,0.982,0.4354,29.01,760.4
East-Pier-Joint,Beam-to-pier connection on east side,2024-01-03 12:00:00,6.6947,0.9891,0.3302,16.54,1064.6
East-Pier-Joint,Beam-to-pier connection on east side,2024-01-03 16:00:00,6.7401,0.996,0.47,6.8,1118.1
East-Pier-Joint,Beam-to-pier connection on east side,2024-01-03 20:00:00,6.7875,1.0026,0.2461,6.95,1110.8
East-Pier-Joint,Beam-to-pier connection on east side,2024-01-04 00:00:00,6.8362,1.0086,0.5147,16.6,481.5
East-Pier-Joint,Beam-to-pier connection on east side,2024-01-04 04:00:00,6.8782,1.0131,0.1483,31.15,441.9
East-Pier-Joint,Beam-to-pier connection on east side,2024-01-04 08:00:00,6.9146,1.0201,0.2486,29.59,499.9
East-Pier-Joint,Beam-to-pier connection on east side,2024-01-04 12:00:00,6.9585,1.0251,0.5462,20.57,385.3
East-Pier-Joint,Beam-to-pier connection on east side,2024-01-04 16:00:00,7.0067,1.0284,0.1318,7.71,1031.4
East-Pier-Joint,Beam-to-pier connection on east side,2024-01-04 20:00:00,7.0544,1.0347,0.1469,7.97,1109.6
East-Pier-Joint,Beam-to-pier connection on east side,2024-01-05 00:00:00,7.1022,1.0387,0.3587,18.28,630.4
East-Pier-Joint,Beam-to-pier connection on east side,2024-01-05 04:00:00,7.1468,1.046,0.4869,25.65,801.9
East-Pier-Joint,Beam-to-pier connection on east side,2024-01-05 08:00:00,7.1968,1.0515,0.3958,30.81,902.6
East-Pier-Joint,Beam-to-pier connection on east side,2024-01-05 12:00:00,7.2479,1.0562,0.1521,15.6,584.5
East-Pier-Joint,Beam-to-pier connection on east side,2024-01-05 16:00:00,7.2949,1.0604,0.4718,7.79,706.3
East-Pier-Joint,Beam-to-pier connection on east side,2024-01-05 20:00:00,7.3353,1.0654,0.2272,7.9,561.9
East-Pier-Joint,Beam-to-pier connection on east side,2024-01-06 00:00:00,7.3774,1.068,0.5858,17.36,531.3
East-Pier-Joint,Beam-to-pier connection on east side,2024-01-06 04:00:00,7.4215,1.0703,0.4054,28.27,480.7
East-Pier-Joint,Beam-to-pier connection on east side,2024-01-06 08:00:00,7.4635,1.072,0.5013,27.93,772.0
East-Pier-Joint,Beam-to-pier connection on east side,2024-01-06 12:00:00,7.5094,1.0759,0.5659,18.17,597.0
East-Pier-Joint,Beam-to-pier connection on east side,2024-01-06 16:00:00,7.5512,1.0851,0.3537,7.13,1074.2
East-Pier-Joint,Beam-to-pier connection on east side,2024-01-06 20:00:00,7.5928,1.0874,0.5964,7.52,331.5
East-Pier-Joint,Beam-to-pier connection on east side,2024-01-07 00:00:00,7.6322,1.0897,0.5538,15.3,914.0
East-Pier-Joint,Beam-to-pier connection on east side,2024-01-07 04:00:00,7.6765,1.0956,0.5119,29.73,1155.1
East-Pier-Joint,Beam-to-pier connection on east side,2024-01-07 08:00:00,7.7225,1.0964,0.1572,30.81,583.8
East-Pier-Joint,Beam-to-pier connection on east side,2024-01-07 12:00:00,7.7646,1.1016,0.1605,16.92,618.9
East-Pier-Joint,Beam-to-pier connection on east side,2024-01-07 16:00:00,7.8078,1.1049,0.5709,7.27,868.6
East-Pier-Joint,Beam-to-pier connection on east side,2024-01-07 20:00:00,7.8536,1.1106,0.3968,9.72,210.1
East-Pier-Joint,Beam-to-pier connection on east side,2024-01-08 00:00:00,7.8983,1.1135,0.462,19.43,320.6
East-Pier-Joint,Beam-to-pier connection on east side,2024-01-08 04:00:00,7.9401,1.1148,0.1059,28.56,622.0
East-Pier-Joint,Beam-to-pier connection on east side,2024-01-08 08:00:00,7.9835,1.1225,0.1615,27.57,758.6
East-Pier-Joint,Beam-to-pier connection on east side,2024-01-08 12:00:00,8.0262,1.1315,0.4261,16.7,1045.6
East-Pier-Joint,Beam-to-pier connection on east side,2024-01-08 16:00:00,8.0741,1.1396,0.2532,5.82,989.0
East-Pier-Joint,Beam-to-pier connection on east side,2024-01-08 20:00:00,8.1194,1.1467,0.5112,7.23,1057.6
East-Pier-Joint,Beam-to-pier connection on east side,2024-01-09 00:00:00,8.1563,1.154,0.2856,19.19,801.1
East-Pier-Joint,Beam-to-pier connection on east side,2024-01-09 04:00:00,8.1945,1.1587,0.2873,30.08,366.9
East-Pier-Joint,Beam-to-pier connection on east side,2024-01-09 08:00:00,8.2393,1.1664,0.1772,27.93,225.4
East-Pier-Joint,Beam-to-pier connection on east side,2024-01-09 12:00:00,8.2749,1.1698,0.2703,20.09,271.7
East-Pier-Joint,Beam-to-pier connection on east side,2024-01-09 16:00:00,8.3242,1.1749,0.2823,9.05,417.9
East-Pier-Joint,Beam-to-pier connection on east side,2024-01-09 20:00:00,8.3659,1.1801,0.4441,8.03,340.6
East-Pier-Joint,Beam-to-pier connection on east side,2024-01-10 00:00:00,8.4083,1.185,0.2921,18.82,239.0
East-Pier-Joint,Beam-to-pier connection on east side,2024-01-10 04:00:00,8.449,1.1932,0.18,27.84,223.4
East-Pier-Joint,Beam-to-pier connection on east side,2024-01-10 08:00:00,8.4918,1.1999,0.1581,29.23,1155.9
East-Pier-Joint,Beam-to-pier connection on east side,2024-01-10 12:00:00,8.5365,1.2062,0.4015,17.5,1026.7
East-Pier-Joint,Beam-to-pier connection on east side,2024-01-10 16:00:00,8.5752,1.2149,0.3707,5.25,354.1
East-Pier-Joint,Beam-to-pier connection on east side,2024-01-10 20:00:00,8.6136,1.2192,0.481,10.95,1033.6
East-Pier-Joint,Beam-to-pier connection on east side,2024-01-11 00:00:00,8.6534,1.2204,0.1288,16.82,542.4
East-Pier-Joint,Beam-to-pier connection on east side,2024-01-11 04:00:00,8.7049,1.2237,0.3902,29.51,339.2
East-Pier-Joint,Beam-to-pier connection on east side,2024-01-11 08:00:00,8.7502,1.2315,0.5969,24.6,1080.3
East-Pier-Joint,Beam-to-pier connection on east side,2024-01-11 12:00:00,8.7919,1.2365,0.4103,20.94,401.3
East-Pier-Joint,Beam-to-pier connection on east side,2024-01-11 16:00:00,8.8303,1.2423,0.2139,11.57,1164.0
East-Pier-Joint,Beam-to-pier connection on east side,2024-01-11 20:00:00,8.8765,1.2469,0.3667,8.31,1070.0
East-Pier-Joint,Beam-to-pier connection on east side,2024-01-12 00:00:00,8.9195,1.253,0.2379,18.4,1077.1
East-Pier-Joint,Beam-to-pier connection on east side,2024-01-12 04:00:00,8.9573,1.2609,0.3417,28.35,1063.5
East-Pier-Joint,Beam-to-pier connection on east side,2024-01-12 08:00:00,8.9991,1.262,0.4809,27.03,586.5
East-Pier-Joint,Beam-to-pier connection on east side,2024-01-12 12:00:00,9.0441,1.268,0.3886,22.71,1065.6
East-Pier-Joint,Beam-to-pier connection on east side,2024-01-12 16:00:00,9.092,1.273,0.3868,8.39,1156.0
East-Pier-Joint,Beam-to-pier connection on east side,2024-01-12 20:00:00,9.1393,1.2725,0.527,7.38,639.1
East-Pier-Joint,Beam-to-pier connection on east side,2024-01-13 00:00:00,9.1825,1.2799,0.1096,18.98,676.8
East-Pier-Joint,Beam-to-pier connection on east side,2024-01-13 04:00:00,9.2222,1.2824,0.4463,29.81,334.4
East-Pier-Joint,Beam-to-pier connection on east side,2024-01-13 08:00:00,9.27,1.2896,0.2054,27.45,1157.4
East-Pier-Joint,Beam-to-pier connection on east side,2024-01-13 12:00:00,9.3149,1.2957,0.2473,18.77,214.3
East-Pier-Joint,Beam-to-pier connection on east side,2024-01-13 16:00:00,9.3621,1.3035,0.4767,6.65,968.9
East-Pier-Joint,Beam-to-pier connection on east side,2024-01-13 20:00:00,9.4073,1.3072,0.523,8.67,813.6
East-Pier-Joint,Beam-to-pier connection on east side,2024-01-14 00:00:00,9.4469,1.3107,0.3036,17.76,266.0
East-Pier-Joint,Beam-to-pier connection on east side,2024-01-14 04:00:00,9.4854,1.3166,0.5041,27.93,1147.7
East-Pier-Joint,Beam-to-pier connection on east side,2024-01-14 08:00:00,9.5275,1.3189,0.4973,28.39,907.1
East-Pier-Joint,Beam-to-pier connection on east side,2024-01-14 12:00:00,9.5734,1.3236,0.2162,16.86,481.0
East-Pier-Joint,Beam-to-pier connection on east side,2024-01-14 16:00:00,9.6089,1.3289,0.213,7.21,840.5
East-Pier-Joint,Beam-to-pier connection on east side,2024-01-14 20:00:00,9.6408,1.3346,0.2789,8.02,847.8
East-Pier-Joint,Beam-to-pier connection on east side,2024-01-15 00:00:00,9.6889,1.3414,0.1359,20.7,882.6
East-Pier-Joint,Beam-to-pier connection on east side,2024-01-15 04:00:00,9.7389,1.3524,0.5113,26.93,1004.0
East-Pier-Joint,Beam-to-pier connection on east side,2024-01-15 08:00:00,9.7801,1.3562,0.2357,28.98,696.7
East-Pier-Joint,Beam-to-pier connection on east side,2024-01-15 12:00:00,9.82,1.3636,0.4148,17.39,254.3
East-Pier-Joint,Beam-to-pier connection on east side,2024-01-15 16:00:00,9.862,1.368,0.1234,7.61,476.2
East-Pier-Joint,Beam-to-pier connection on east side,2024-01-15 20:00:00,9.9089,1.3715,0.5197,7.84,203.8
East-Pier-Joint,Beam-to-pier connection on east side,2024-01-16 00:00:00,9.9506,1.3757,0.2801,17.01,470.4
East-Pier-Joint,Beam-to-pier connection on east side,2024-01-16 04:00:00,9.9423,1.3772,0.4945,29.7,1091.9
East-Pier-Joint,Beam-to-pier connection on east side,2024-01-16 08:00:00,9.9406,1.3791,0.2938,28.29,832.7
East-Pier-Joint,Beam-to-pier connection on east side,2024-01-16 12:00:00,9.9247,1.3813,0.583,19.85,961.0
East-Pier-Joint,Beam-to-pier connection on east side,2024-01-16 16:00:00,9.9167,1.3813,0.4221,7.91,248.2
East-Pier-Joint,Beam-to-pier connection on east side,2024-01-16 20:00:00,9.9054,1.3784,0.3164,8.51,657.7
East-Pier-Joint,Beam-to-pier connection on east side,2024-01-17 00:00:00,9.8949,1.3805,0.5252,19.85,412.0
East-Pier-Joint,Beam-to-pier connection on east side,2024-01-17 04:00:00,9.883,1.3797,0.2079,28.28,877.8
East-Pier-Joint,Beam-to-pier connection on east side,2024-01-17 08:00:00,9.8791,1.3779,0.2578,30.3,844.8
East-Pier-Joint,Beam-to-pier connection on east side,2024-01-17 12:00:00,9.8652,1.3781,0.5451,18.96,487.4
East-Pier-Joint,Beam-to-pier connection on east side,2024-01-17 16:00:00,9.8534,1.373,0.1097,5.32,324.4
East-Pier-Joint,Beam-to-pier connection on east side,2024-01-17 20:00:00,9.8514,1.3729,0.3655,7.32,795.1
East-Pier-Joint,Beam-to-pier connection on east side,2024-01-18 00:00:00,9.8421,1.3738,0.2559,21.03,974.0
East-Pier-Joint,Beam-to-pier connection on east side,2024-01-18 04:00:00,9.831,1.3742,0.1628,28.42,216.9
East-Pier-Joint,Beam-to-pier connection on east side,2024-01-18 08:00:00,9.8211,1.3745,0.359,29.86,548.1
East-Pier-Joint,Beam-to-pier connection on east side,2024-01-18 12:00:00,9.8126,1.3758,0.5235,18.08,223.6
East-Pier-Joint,Beam-to-pier connection on east side,2024-01-18 16:00:00,9.803,1.3756,0.2515,4.2,265.7
East-Pier-Joint,Beam-to-pier connection on east side,2024-01-18 20:00:00,9.8007,1.3757,0.4737,5.14,673.8
East-Pier-Joint,Beam-to-pier connection on east side,2024-01-19 00:00:00,9.7929,1.3783,0.2127,17.69,395.8
East-Pier-Joint,Beam-to-pier connection on east side,2024-01-19 04:00:00,9.7773,1.3815,0.3891,29.23,347.0
East-Pier-Joint,Beam-to-pier connection on east side,2024-01-19 08:00:00,9.7743,1.3834,0.2726,26.64,1117.5
East-Pier-Joint,Beam-to-pier connection on east side,2024-01-19 12:00:00,9.7648,1.3831,0.4539,17.89,262.2
East-Pier-Joint,Beam-to-pier connection on east side,2024-01-19 16:00:00,9.7577,1.3827,0.2209,7.66,700.6
East-Pier-Joint,Beam-to-pier connection on east side,2024-01-19 20:00:00,9.7471,1.3826,0.5035,7.07,659.7
East-Pier-Joint,Beam-to-pier connection on east side,2024-01-20 00:00:00,9.7314,1.3817,0.2046,17.7,250.0
East-Pier-Joint,Beam-to-pier connection on east side,2024-01-20 04:00:00,9.72,1.3824,0.5803,29.28,396.9
East-Pier-Joint,Beam-to-pier connection on east side,2024-01-20 08:00:00,9.7045,1.3832,0.3968,27.76,273.1
East-Pier-Joint,Beam-to-pier connection on east side,2024-01-20 12:00:00,9.6929,1.3849,0.4787,18.03,361.7
East-Pier-Joint,Beam-to-pier connection on east side,2024-01-20 16:00:00,9.6874,1.3843,0.1813,9.7,765.1
East-Pier-Joint,Beam-to-pier connection on east side,2024-01-20 20:00:00,9.6785,1.3817,0.1045,7.61,557.0
East-Pier-Joint,Beam-to-pier connection on east side,2024-01-21 00:00:00,9.6694,1.3808,0.524,16.96,928.9
East-Pier-Joint,Beam-to-pier connection on east side,2024-01-21 04:00:00,9.6614,1.3777,0.3404,28.29,862.4
East-Pier-Joint,Beam-to-pier connection on east side,2024-01-21 08:00:00,9.6434,1.374,0.4771,26.38,1118.4
East-Pier-Joint,Beam-to-pier connection on east side,2024-01-21 12:00:00,9.6404,1.3715,0.4938,19.51,451.0
East-Pier-Joint,Beam-to-pier connection on east side,2024-01-21 16:00:00,9.63,1.3707,0.5591,6.54,301.8
East-Pier-Joint,Beam-to-pier connection on east side,2024-01-21 20:00:00,9.6247,1.3759,0.5752,8.64,781.6
East-Pier-Joint,Beam-to-pier connection on east side,2024-01-22 00:00:00,9.6169,1.3756,0.2765,16.79,1094.1
East-Pier-Joint,Beam-to-pier connection on east side,2024-01-22 04:00:00,9.6106,1.3729,0.4902,29.77,676.3
East-Pier-Joint,Beam-to-pier connection on east side,2024-01-22 08:00:00,9.6019,1.3677,0.5275,27.57,407.1
East-Pier-Joint,Beam-to-pier connection on east side,2024-01-22 12:00:00,9.5994,1.3692,0.5054,18.3,1035.8
East-Pier-Joint,Beam-to-pier connection on east side,2024-01-22 16:00:00,9.5948,1.3682,0.5379,6.18,739.1
East-Pier-Joint,Beam-to-pier connection on east side,2024-01-22 20:00:00,9.5936,1.3631,0.1639,7.49,965.5
East-Pier-Joint,Beam-to-pier connection on east side,2024-01-23 00:00:00,9.5855,1.3644,0.252,16.9,430.4
East-Pier-Joint,Beam-to-pier connection on east side,2024-01-23 04:00:00,9.5739,1.362,0.4709,26.67,1048.4
East-Pier-Joint,Beam-to-pier connection on east side,2024-01-23 08:00:00,9.565,1.3608,0.1908,29.69,570.9
East-Pier-Joint,Beam-to-pier connection on east side,2024-01-23 12:00:00,9.5675,1.3616,0.3953,20.13,861.0
East-Pier-Joint,Beam-to-pier connection on east side,2024-01-23 16:00:00,9.5609,1.3629,0.3919,8.33,1152.2
East-Pier-Joint,Beam-to-pier connection on east side,2024-01-23 20:00:00,9.551,1.361,0.2483,5.35,914.4
East-Pier-Joint,Beam-to-pier connection on east side,2024-01-24 00:00:00,9.542,1.3603,0.5665,14.54,1027.5
East-Pier-Joint,Beam-to-pier connection on east side,2024-01-24 04:00:00,9.5305,1.3617,0.5605,31.09,894.6
East-Pier-Joint,Beam-to-pier connection on east side,2024-01-24 08:00:00,9.5208,1.3626,0.2727,27.59,535.6
East-Pier-Joint,Beam-to-pier connection on east side,2024-01-24 12:00:00,9.4997,1.3624,0.4635,19.17,762.1
East-Pier-Joint,Beam-to-pier connection on east side,2024-01-24 16:00:00,9.4934,1.3594,0.4672,8.29,584.4
East-Pier-Joint,Beam-to-pier connection on east side,2024-01-24 20:00:00,9.4923,1.3595,0.4524,7.07,1017.1
East-Pier-Joint,Beam-to-pier connection on east side,2024-01-25 00:00:00,9.4862,1.3585,0.5,17.64,752.7
East-Pier-Joint,Beam-to-pier connection on east side,2024-01-25 04:00:00,9.4742,1.3601,0.245,27.1,1071.4
East-Pier-Joint,Beam-to-pier connection on east side,2024-01-25 08:00:00,9.4778,1.3593,0.5164,30.06,1106.1
East-Pier-Joint,Beam-to-pier connection on east side,2024-01-25 12:00:00,9.4764,1.3563,0.3744,18.22,487.6
East-Pier-Joint,Beam-to-pier connection on east side,2024-01-25 16:00:00,9.4626,1.3552,0.3023,9.43,268.4
East-Pier-Joint,Beam-to-pier connection on east side,2024-01-25 20:00:00,9.4603,1.3549,0.4427,5.05,532.5
East-Pier-Joint,Beam-to-pier connection on east side,2024-01-26 00:00:00,9.4576,1.3541,0.4161,20.08,399.0
East-Pier-Joint,Beam-to-pier connection on east side,2024-01-26 04:00:00,9.4448,1.3542,0.2389,28.78,476.3
East-Pier-Joint,Beam-to-pier connection on east side,2024-01-26 08:00:00,9.4356,1.3512,0.4523,30.66,622.7
East-Pier-Joint,Beam-to-pier connection on east side,2024-01-26 12:00:00,9.4332,1.3487,0.2027,17.02,683.0
East-Pier-Joint,Beam-to-pier connection on east side,2024-01-26 16:00:00,9.4232,1.3476,0.1385,7.74,275.6
East-Pier-Joint,Beam-to-pier connection on east side,2024-01-26 20:00:00,9.4188,1.3496,0.3995,7.2,823.6
East-Pier-Joint,Beam-to-pier connection on east side,2024-01-27 00:00:00,9.4116,1.3507,0.2355,15.64,797.7
East-Pier-Joint,Beam-to-pier connection on east side,2024-01-27 04:00:00,9.3985,1.3541,0.2013,28.9,787.6
East-Pier-Joint,Beam-to-pier connection on east side,2024-01-27 08:00:00,9.3858,1.3564,0.2266,28.46,650.3
East-Pier-Joint,Beam-to-pier connection on east side,2024-01-27 12:00:00,9.3705,1.3561,0.1943,17.5,872.5
East-Pier-Joint,Beam-to-pier connection on east side,2024-01-27 16:00:00,9.3638,1.3596,0.317,8.08,458.7
East-Pier-Joint,Beam-to-pier connection on east side,2024-01-27 20:00:00,9.3555,1.3607,0.4188,9.68,442.0
East-Pier-Joint,Beam-to-pier connection on east side,2024-01-28 00:00:00,9.3444,1.3621,0.2238,16.95,262.5
East-Pier-Joint,Beam-to-pier connection on east side,2024-01-28 04:00:00,9.3344,1.363,0.4364,30.62,281.1
East-Pier-Joint,Beam-to-pier connection on east side,2024-01-28 08:00:00,9.3253,1.3614,0.4084,26.29,942.9
East-Pier-Joint,Beam-to-pier connection on east side,2024-01-28 12:00:00,9.3098,1.362,0.2856,18.06,1120.8
East-Pier-Joint,Beam-to-pier connection on east side,2024-01-28 16:00:00,9.3011,1.3593,0.4332,8.82,987.4
East-Pier-Joint,Beam-to-pier connection on east side,2024-01-28 20:00:00,9.2957,1.3597,0.4527,8.65,627.6
East-Pier-Joint,Beam-to-pier connection on east side,2024-01-29 00:00:00,9.2806,1.3597,0.111,17.28,501.0
East-Pier-Joint,Beam-to-pier connection on east side,2024-01-29 04:00:00,9.2774,1.3576,0.5636,27.36,305.4
East-Pier-Joint,Beam-to-pier connection on east side,2024-01-29 08:00:00,9.27,1.3592,0.1802,27.34,270.5
East-Pier-Joint,Beam-to-pier connection on east side,2024-01-29 12:00:00,9.2611,1.357,0.5071,18.51,885.1
East-Pier-Joint,Beam-to-pier connection on east side,2024-01-29 16:00:00,9.2476,1.358,0.3678,7.76,556.9
East-Pier-Joint,Beam-to-pier connection on east side,2024-01-29 20:00:00,9.2314,1.3552,0.2539,8.43,1113.8
East-Pier-Joint,Beam-to-pier connection on east side,2024-01-30 00:00:00,9.2243,1.3556,0.5382,19.06,302.6
East-Pier-Joint,Beam-to-pier connection on east side,2024-01-30 04:00:00,9.2156,1.3559,0.1969,32.87,1058.8
East-Pier-Joint,Beam-to-pier connection on east side,2024-01-30 08:00:00,9.2126,1.357,0.4053,27.81,360.4
East-Pier-Joint,Beam-to-pier connection on east side,2024-01-30 12:00:00,9.2077,1.3605,0.2148,16.62,317.6
East-Pier-Joint,Beam-to-pier connection on east side,2024-01-30 16:00:00,9.2036,1.3654,0.2771,7.19,305.3
East-Pier-Joint,Beam-to-pier connection on east side,2024-01-30 20:00:00,9.1935,1.364,0.2227,8.26,257.7
West-Pier-Joint,Beam-to-pier connection on west side,2024-01-01 00:00:00,5.0182,0.7047,0.3784,18.17,615.8
West-Pier-Joint,Beam-to-pier connection on west side,2024-01-01 04:00:00,5.0352,0.7041,0.4482,24.9,902.1
West-Pier-Joint,Beam-to-pier connection on west side,2024-01-01 08:00:00,5.0509,0.7066,0.4157,29.92,732.5
West-Pier-Joint,Beam-to-pier connection on west side,2024-01-01 12:00:00,5.0685,0.7069,0.1586,16.62,537.2
West-Pier-Joint,Beam-to-pier connection on west side,2024-01-01 16:00:00,5.08,0.7035,0.5478,6.9,404.3
West-Pier-Joint,Beam-to-pier connection on west side,2024-01-01 20:00:00,5.096,0.7039,0.1091,8.0,992.8
West-Pier-Joint,Beam-to-pier connection on west side,2024-01-02 00:00:00,5.1163,0.7084,0.4443,21.04,453.3
West-Pier-Joint,Beam-to-pier connection on west side,2024-01-02 04:00:00,5.1252,0.7101,0.5107,28.59,1043.3
West-Pier-Joint,Beam-to-pier connection on west side,2024-01-02 08:00:00,5.1474,0.7119,0.1917,28.03,1055.0
West-Pier-Joint,Beam-to-pier connection on west side,2024-01-02 12:00:00,5.1622,0.7157,0.1378,19.54,587.8
West-Pier-Joint,Beam-to-pier connection on west side,2024-01-02 16:00:00,5.1785,0.7172,0.1333,8.35,848.3
West-Pier-Joint,Beam-to-pier connection on west side,2024-01-02 20:00:00,5.191,0.7179,0.5019,6.61,633.5
West-Pier-Joint,Beam-to-pier connection on west side,2024-01-03 00:00:00,5.2009,0.7233,0.1344,16.12,569.6
West-Pier-Joint,Beam-to-pier connection on west side,2024-01-03 04:00:00,5.217,0.7295,0.4284,27.97,908.8
West-Pier-Joint,Beam-to-pier connection on west side,2024-01-03 08:00:00,5.2393,0.7343,0.1332,28.8,966.5
West-Pier-Joint,Beam-to-pier connection on west side,2024-01-03 12:00:00,5.2518,0.7364,0.4759,18.62,1003.0
West-Pier-Joint,Beam-to-pier connection on west side,2024-01-03 16:00:00,5.2743,0.7387,0.4711,9.22,369.9
West-Pier-Joint,Beam-to-pier connection on west side,2024-01-03 20:00:00,5.2937,0.7437,0.475,7.43,1108.2
West-Pier-Joint,Beam-to-pier connection on west side,2024-01-04 00:00:00,5.3116,0.7455,0.3894,19.18,832.4
West-Pier-Joint,Beam-to-pier connection on west side,2024-01-04 04:00:00,5.3256,0.7454,0.4582,26.57,470.9
West-Pier-Joint,Beam-to-pier connection on west side,2024-01-04 08:00:00,5.3397,0.7447,0.3124,27.26,1107.8
West-Pier-Joint,Beam-to-pier connection on west side,2024-01-04 12:00:00,5.3605,0.7458,0.1385,18.05,896.2
West-Pier-Joint,Beam-to-pier connection on west side,2024-01-04 16:00:00,5.3793,0.748,0.236,9.27,892.4
West-Pier-Joint,Beam-to-pier connection on west side,2024-01-04 20:00:00,5.3925,0.7487,0.4182,7.53,524.5
West-Pier-Joint,Beam-to-pier connection on west side,2024-01-05 00:00:00,5.4117,0.7528,0.3977,16.48,464.6
West-Pier-Joint,Beam-to-pier connection on west side,2024-01-05 04:00:00,5.4249,0.7577,0.489,29.2,960.9
West-Pier-Joint,Beam-to-pier connection on west side,2024-01-05 08:00:00,5.4404,0.7589,0.2298,27.7,233.7
West-Pier-Joint,Beam-to-pier connection on west side,2024-01-05 12:00:00,5.4516,0.7632,0.3787,18.74,239.0
West-Pier-Joint,Beam-to-pier connection on west side,2024-01-05 16:00:00,5.4678,0.7643,0.5981,8.61,1025.4
West-Pier-Joint,Beam-to-pier connection on west side,2024-01-05 20:00:00,5.4886,0.7647,0.3884,8.57,267.3
West-Pier-Joint,Beam-to-pier connection on west side,2024-01-06 00:00:00,5.5066,0.7665,0.5988,18.55,441.5
West-Pier-Joint,Beam-to-pier connection on west side,2024-01-06 04:00:00,5.5271,0.7672,0.165,27.64,222.4
West-Pier-Joint,Beam-to-pier connection on west side,2024-01-06 08:00:00,5.546,0.7718,0.4272,25.67,432.0
West-Pier-Joint,Beam-to-pier connection on west side,2024-01-06 12:00:00,5.5666,0.7778,0.1195,18.94,1037.1
West-Pier-Joint,Beam-to-pier connection on west side,2024-01-06 16:00:00,5.5846,0.7833,0.3935,9.06,781.0
West-Pier-Joint,Beam-to-pier connection on west side,2024-01-06 20:00:00,5.6035,0.7856,0.2946,6.87,428.9
West-Pier-Joint,Beam-to-pier connection on west side,2024-01-07 00:00:00,5.622,0.7898,0.3638,17.69,411.6
West-Pier-Joint,Beam-to-pier connection on west side,2024-01-07 04:00:00,5.6385,0.7905,0.4576,29.22,793.2
West-Pier-Joint,Beam-to-pier connection on west side,2024-01-07 08:00:00,5.66,0.7925,0.2866,30.18,1141.7
West-Pier-Joint,Beam-to-pier connection on west side,2024-01-07 12:00:00,5.6717,0.7963,0.4454,16.08,897.1
West-Pier-Joint,Beam-to-pier connection on west side,2024-01-07 16:00:00,5.6838,0.7974,0.3997,8.21,379.4
West-Pier-Joint,Beam-to-pier connection on west side,2024-01-07 20:00:00,5.703,0.8021,0.4339,10.34,1037.4
West-Pier-Joint,Beam-to-pier connection on west side,2024-01-08 00:00:00,5.7222,0.8022,0.5014,19.27,1160.9
West-Pier-Joint,Beam-to-pier connection on west side,2024-01-08 04:00:00,5.7317,0.8052,0.3009,32.99,353.7
West-Pier-Joint,Beam-to-pier connection on west side,2024-01-08 08:00:00,5.7512,0.8056,0.3964,28.62,554.9
West-Pier-Joint,Beam-to-pier connection on west side,2024-01-08 12:00:00,5.7695,0.8092,0.4034,17.78,1081.0
West-Pier-Joint,Beam-to-pier connection on west side,2024-01-08 16:00:00,5.7847,0.8094,0.543,8.25,396.7
West-Pier-Joint,Beam-to-pier connection on west side,2024-01-08 20:00:00,5.8032,0.8117,0.5013,9.1,1197.2
West-Pier-Joint,Beam-to-pier connection on west side,2024-01-09 00:00:00,5.8186,0.8142,0.1312,19.79,535.3
West-Pier-Joint,Beam-to-pier connection on west side,2024-01-09 04:00:00,5.8325,0.8159,0.569,28.85,285.1
West-Pier-Joint,Beam-to-pier connection on west side,2024-01-09 08:00:00,5.8459,0.8144,0.3346,27.4,468.6
West-Pier-Joint,Beam-to-pier connection on west side,2024-01-09 12:00:00,5.8585,0.8149,0.4991,17.31,526.3
West-Pier-Joint,Beam-to-pier connection on west side,2024-01-09 16:00:00,5.8726,0.8161,0.2777,7.04,874.0
West-Pier-Joint,Beam-to-pier connection on west side,2024-01-09 20:00:00,5.8816,0.8178,0.2713,8.11,1064.7
West-Pier-Joint,Beam-to-pier connection on west side,2024-01-10 00:00:00,5.8989,0.8174,0.1686,20.03,780.7
West-Pier-Joint,Beam-to-pier connection on west side,2024-01-10 04:00:00,5.9119,0.8193,0.412,28.42,473.6
West-Pier-Joint,Beam-to-pier connection on west side,2024-01-10 08:00:00,5.9268,0.8189,0.5112,25.56,257.0
West-Pier-Joint,Beam-to-pier connection on west side,2024-01-10 12:00:00,5.9481,0.8223,0.4625,14.52,774.3
West-Pier-Joint,Beam-to-pier connection on west side,2024-01-10 16:00:00,5.9682,0.822,0.369,6.99,1040.1
West-Pier-Joint,Beam-to-pier connection on west side,2024-01-10 20:00:00,5.9716,0.821,0.3447,6.86,941.6
West-Pier-Joint,Beam-to-pier connection on west side,2024-01-11 00:00:00,5.9926,0.822,0.5299,17.36,606.8
West-Pier-Joint,Beam-to-pier connection on west side,2024-01-11 04:00:00,6.01,0.8215,0.4812,25.45,326.0
West-Pier-Joint,Beam-to-pier connection on west side,2024-01-11 08:00:00,6.0371,0.8192,0.4224,27.87,429.8
West-Pier-Joint,Beam-to-pier connection on west side,2024-01-11 12:00:00,6.0483,0.8218,0.4308,19.3,341.2
West-Pier-Joint,Beam-to-pier connection on west side,2024-01-11 16:00:00,6.0619,0.8245,0.1914,6.24,1025.7
West-Pier-Joint,Beam-to-pier connection on west side,2024-01-11 20:00:00,6.0776,0.8246,0.585,7.32,771.3
West-Pier-Joint,Beam-to-pier connection on west side,2024-01-12 00:00:00,6.0984,0.8273,0.1435,17.2,756.8
West-Pier-Joint,Beam-to-pier connection on west side,2024-01-12 04:00:00,6.112,0.8279,0.1876,29.09,872.8
West-Pier-Joint,Beam-to-pier connection on west side,2024-01-12 08:00:00,6.1299,0.8304,0.2316,27.85,200.7
West-Pier-Joint,Beam-to-pier connection on west side,2024-01-12 12:00:00,6.1462,0.83,0.4137,18.56,950.3
West-Pier-Joint,Beam-to-pier connection on west side,2024-01-12 16:00:00,6.162,0.8308,0.3431,6.54,1120.7
West-Pier-Joint,Beam-to-pier connection on west side,2024-01-12 20:00:00,6.1853,0.8324,0.5542,6.51,668.1
West-Pier-Joint,Beam-to-pier connection on west side,2024-01-13 00:00:00,6.197,0.8367,0.315,17.93,796.9
West-Pier-Joint,Beam-to-pier connection on west side,2024-01-13 04:00:00,6.2102,0.8364,0.1854,27.84,230.5
West-Pier-Joint,Beam-to-pier connection on west side,2024-01-13 08:00:00,6.228,0.8371,0.5553,32.01,709.9
West-Pier-Joint,Beam-to-pier connection on west side,2024-01-13 12:00:00,6.2489,0.8386,0.1175,18.0,751.2
West-Pier-Joint,Beam-to-pier connection on west side,2024-01-13 16:00:00,6.2639,0.841,0.1248,5.28,924.6
West-Pier-Joint,Beam-to-pier connection on west side,2024-01-13 20:00:00,6.2847,0.842,0.2405,6.27,373.5
West-Pier-Joint,Beam-to-pier connection on west side,2024-01-14 00:00:00,6.2985,0.8454,0.1627,20.14,972.8
West-Pier-Joint,Beam-to-pier connection on west side,2024-01-14 04:00:00,6.313,0.8471,0.3829,26.71,1129.1
West-Pier-Joint,Beam-to-pier connection on west side,2024-01-14 08:00:00,6.3296,0.8501,0.2172,30.69,545.1
West-Pier-Joint,Beam-to-pier connection on west side,2024-01-14 12:00:00,6.3412,0.8543,0.2327,18.29,811.5
West-Pier-Joint,Beam-to-pier connection on west side,2024-01-14 16:00:00,6.3594,0.8582,0.2387,8.1,481.6
West-Pier-Joint,Beam-to-pier connection on west side,2024-01-14 20:00:00,6.3721,0.8577,0.4113,9.17,1190.1
West-Pier-Joint,Beam-to-pier connection on west side,2024-01-15 00:00:00,6.385,0.8587,0.2305,17.84,543.4
West-Pier-Joint,Beam-to-pier connection on west side,2024-01-15 04:00:00,6.3971,0.8613,0.5643,26.66,261.8
West-Pier-Joint,Beam-to-pier connection on west side,2024-01-15 08:00:00,6.4153,0.8674,0.3508,28.31,446.7
West-Pier-Joint,Beam-to-pier connection on west side,2024-01-15 12:00:00,6.4358,0.8698,0.4756,17.44,953.9
West-Pier-Joint,Beam-to-pier connection on west side,2024-01-15 16:00:00,6.4541,0.8729,0.1278,8.46,206.9
West-Pier-Joint,Beam-to-pier connection on west side,2024-01-15 20:00:00,6.4693,0.876,0.3056,5.93,602.4
West-Pier-Joint,Beam-to-pier connection on west side,2024-01-16 00:00:00,6.4888,0.8763,0.1953,16.34,384.6
West-Pier-Joint,Beam-to-pier connection on west side,2024-01-16 04:00:00,6.5062,0.8817,0.5155,25.57,319.9
West-Pier-Joint,Beam-to-pier connection on west side,2024-01-16 08:00:00,6.5152,0.8812,0.25,28.3,796.1
West-Pier-Joint,Beam-to-pier connection on west side,2024-01-16 12:00:00,6.5302,0.8846,0.1583,17.64,746.7
West-Pier-Joint,Beam-to-pier connection on west side,2024-01-16 16:00:00,6.5525,0.8905,0.5658,8.89,1021.0
West-Pier-Joint,Beam-to-pier connection on west side,2024-01-16 20:00:00,6.5712,0.8935,0.5492,8.82,599.5
West-Pier-Joint,Beam-to-pier connection on west side,2024-01-17 00:00:00,6.5836,0.8957,0.332,18.27,318.7
West-Pier-Joint,Beam-to-pier connection on west side,2024-01-17 04:00:00,6.6016,0.9018,0.4694,27.37,232.4
West-Pier-Joint,Beam-to-pier connection on west side,2024-01-17 08:00:00,6.6212,0.9038,0.5692,25.78,1018.7
West-Pier-Joint,Beam-to-pier connection on west side,2024-01-17 12:00:00,6.6376,0.9051,0.2738,18.68,250.3
West-Pier-Joint,Beam-to-pier connection on west side,2024-01-17 16:00:00,6.653,0.9033,0.407,5.33,452.9
West-Pier-Joint,Beam-to-pier connection on west side,2024-01-17 20:00:00,6.6615,0.9047,0.5118,9.15,1020.7
West-Pier-Joint,Beam-to-pier connection on west side,2024-01-18 00:00:00,6.6754,0.9065,0.2641,19.73,409.1
West-Pier-Joint,Beam-to-pier connection on west side,2024-01-18 04:00:00,6.69,0.9059,0.3411,27.12,1040.9
West-Pier-Joint,Beam-to-pier connection on west side,2024-01-18 08:00:00,6.7082,0.9087,0.2923,29.12,659.1
West-Pier-Joint,Beam-to-pier connection on west side,2024-01-18 12:00:00,6.726,0.9146,0.1593,17.72,1133.7
West-Pier-Joint,Beam-to-pier connection on west side,2024-01-18 16:00:00,6.74,0.9168,0.3039,7.57,361.2
West-Pier-Joint,Beam-to-pier connection on west side,2024-01-18 20:00:00,6.7563,0.9174,0.3811,7.69,914.8
West-Pier-Joint,Beam-to-pier connection on west side,2024-01-19 00:00:00,6.7698,0.9191,0.5692,18.4,861.8
West-Pier-Joint,Beam-to-pier connection on west side,2024-01-19 04:00:00,6.7878,0.9219,0.3753,27.45,603.2
West-Pier-Joint,Beam-to-pier connection on west side,2024-01-19 08:00:00,6.8092,0.9217,0.2277,26.05,305.9
West-Pier-Joint,Beam-to-pier connection on west side,2024-01-19 12:00:00,6.8254,0.9223,0.4379,15.32,858.2
West-Pier-Joint,Beam-to-pier connection on west side,2024-01-19 16:00:00,6.8404,0.9219,0.5137,7.04,241.9
West-Pier-Joint,Beam-to-pier connection on west side,2024-01-19 20:00:00,6.8574,0.9208,0.5397,7.17,757.0
West-Pier-Joint,Beam-to-pier connection on west side,2024-01-20 00:00:00,6.8737,0.9256,0.5672,18.53,1116.4
West-Pier-Joint,Beam-to-pier connection on west side,2024-01-20 04:00:00,6.8983,0.9283,0.3016,30.54,952.4
West-Pier-Joint,Beam-to-pier connection on west side,2024-01-20 08:00:00,6.9128,0.9306,0.5122,30.83,346.4
West-Pier-Joint,Beam-to-pier connection on west side,2024-01-20 12:00:00,6.9326,0.9322,0.5223,19.88,631.3
West-Pier-Joint,Beam-to-pier connection on west side,2024-01-20 16:00:00,6.9472,0.9355,0.342,8.59,714.1
West-Pier-Joint,Beam-to-pier connection on west side,2024-01-20 20:00:00,6.969,0.936,0.2626,4.96,239.3
West-Pier-Joint,Beam-to-pier connection on west side,2024-01-21 00:00:00,6.9816,0.9408,0.5027,19.96,1146.8
West-Pier-Joint,Beam-to-pier connection on west side,2024-01-21 04:00:00,6.9986,0.9421,0.233,27.68,1190.3
West-Pier-Joint,Beam-to-pier connection on west side,2024-01-21 08:00:00,7.0194,0.945,0.1602,30.32,1138.5
West-Pier-Joint,Beam-to-pier connection on west side,2024-01-21 12:00:00,7.0264,0.9494,0.2113,16.27,507.2
West-Pier-Joint,Beam-to-pier connection on west side,2024-01-21 16:00:00,7.0417,0.9497,0.3091,7.12,957.3
West-Pier-Joint,Beam-to-pier connection on west side,2024-01-21 20:00:00,7.0533,0.9524,0.1083,7.27,861.7
West-Pier-Joint,Beam-to-pier connection on west side,2024-01-22 00:00:00,7.0686,0.9532,0.5342,17.44,1126.5
West-Pier-Joint,Beam-to-pier connection on west side,2024-01-22 04:00:00,7.0832,0.955,0.1197,28.23,773.9
West-Pier-Joint,Beam-to-pier connection on west side,2024-01-22 08:00:00,7.0999,0.9572,0.4937,28.12,506.4
West-Pier-Joint,Beam-to-pier connection on west side,2024-01-22 12:00:00,7.1099,0.9599,0.2988,17.24,1173.8
West-Pier-Joint,Beam-to-pier connection on west side,2024-01-22 16:00:00,7.1304,0.9607,0.5521,6.08,574.7
West-Pier-Joint,Beam-to-pier connection on west side,2024-01-22 20:00:00,7.1448,0.964,0.3131,7.71,1032.4
West-Pier-Joint,Beam-to-pier connection on west side,2024-01-23 00:00:00,7.1592,0.962,0.5652,18.95,295.4
West-Pier-Joint,Beam-to-pier connection on west side,2024-01-23 04:00:00,7.1784,0.9624,0.5353,27.48,283.5
West-Pier-Joint,Beam-to-pier connection on west side,2024-01-23 08:00:00,7.192,0.9657,0.3211,28.38,534.4
West-Pier-Joint,Beam-to-pier connection on west side,2024-01-23 12:00:00,7.2106,0.9691,0.1807,14.44,772.0
West-Pier-Joint,Beam-to-pier connection on west side,2024-01-23 16:00:00,7.226,0.9744,0.2341,7.35,561.1
West-Pier-Joint,Beam-to-pier connection on west side,2024-01-23 20:00:00,7.2478,0.9746,0.1283,6.31,234.7
West-Pier-Joint,Beam-to-pier connection on west side,2024-01-24 00:00:00,7.2599,0.9759,0.2299,18.79,1086.1
West-Pier-Joint,Beam-to-pier connection on west side,2024-01-24 04:00:00,7.279,0.9756,0.215,29.31,611.3
West-Pier-Joint,Beam-to-pier connection on west side,2024-01-24 08:00:00,7.2996,0.9785,0.5122,29.17,597.0
West-Pier-Joint,Beam-to-pier connection on west side,2024-01-24 12:00:00,7.3146,0.9801,0.2802,16.96,871.3
West-Pier-Joint,Beam-to-pier connection on west side,2024-01-24 16:00:00,7.336,0.9816,0.3889,8.52,1066.1
West-Pier-Joint,Beam-to-pier connection on west side,2024-01-24 20:00:00,7.3452,0.982,0.4097,4.87,611.2
West-Pier-Joint,Beam-to-pier connection on west side,2024-01-25 00:00:00,7.3626,0.9858,0.2008,19.72,1134.4
West-Pier-Joint,Beam-to-pier connection on west side,2024-01-25 04:00:00,7.3821,0.9864,0.3781,29.21,979.5
West-Pier-Joint,Beam-to-pier connection on west side,2024-01-25 08:00:00,7.3962,0.9874,0.1514,29.27,326.0
West-Pier-Joint,Beam-to-pier connection on west side,2024-01-25 12:00:00,7.4195,0.9912,0.4382,19.34,794.2
West-Pier-Joint,Beam-to-pier connection on west side,2024-01-25 16:00:00,7.4433,0.9947,0.238,5.03,968.6
West-Pier-Joint,Beam-to-pier connection on west side,2024-01-25 20:00:00,7.4564,0.9981,0.2167,6.05,825.3
West-Pier-Joint,Beam-to-pier connection on west side,2024-01-26 00:00:00,7.4739,0.9994,0.1225,19.61,934.2
West-Pier-Joint,Beam-to-pier connection on west side,2024-01-26 04:00:00,7.4894,1.0014,0.5644,25.22,532.0
West-Pier-Joint,Beam-to-pier connection on west side,2024-01-26 08:00:00,7.5042,1.0062,0.1139,28.11,831.4
West-Pier-Joint,Beam-to-pier connection on west side,2024-01-26 12:00:00,7.521,1.0083,0.1873,14.69,495.9
West-Pier-Joint,Beam-to-pier connection on west side,2024-01-26 16:00:00,7.5449,1.0106,0.3501,10.04,269.4
West-Pier-Joint,Beam-to-pier connection on west side,2024-01-26 20:00:00,7.5573,1.012,0.2705,6.41,1117.3
West-Pier-Joint,Beam-to-pier connection on west side,2024-01-27 00:00:00,7.5782,1.0143,0.3627,16.5,897.8
West-Pier-Joint,Beam-to-pier connection on west side,2024-01-27 04:00:00,7.5946,1.0168,0.4382,28.62,879.6
West-Pier-Joint,Beam-to-pier connection on west side,2024-01-27 08:00:00,7.6068,1.0211,0.4169,29.37,793.5
West-Pier-Joint,Beam-to-pier connection on west side,2024-01-27 12:00:00,7.6201,1.0237,0.3783,16.13,542.7
West-Pier-Joint,Beam-to-pier connection on west side,2024-01-27 16:00:00,7.6339,1.0231,0.4899,9.91,318.2
West-Pier-Joint,Beam-to-pier connection on west side,2024-01-27 20:00:00,7.6523,1.0305,0.1064,6.47,740.3
West-Pier-Joint,Beam-to-pier connection on west side,2024-01-28 00:00:00,7.6654,1.0297,0.29,18.15,807.1
West-Pier-Joint,Beam-to-pier connection on west side,2024-01-28 04:00:00,7.6812,1.0322,0.1475,27.5,514.9
West-Pier-Joint,Beam-to-pier connection on west side,2024-01-28 08:00:00,7.6986,1.0331,0.5978,30.0,782.7
West-Pier-Joint,Beam-to-pier connection on west side,2024-01-28 12:00:00,7.7196,1.0373,0.2529,19.52,602.7
West-Pier-Joint,Beam-to-pier connection on west side,2024-01-28 16:00:00,7.7343,1.0427,0.4162,6.42,328.3
West-Pier-Joint,Beam-to-pier connection on west side,2024-01-28 20:00:00,7.7513,1.0469,0.4503,8.66,953.5
West-Pier-Joint,Beam-to-pier connection on west side,2024-01-29 00:00:00,7.7727,1.0479,0.1933,19.12,225.7
West-Pier-Joint,Beam-to-pier connection on west side,2024-01-29 04:00:00,7.7885,1.0494,0.4086,25.79,1050.0
West-Pier-Joint,Beam-to-pier connection on west side,2024-01-29 08:00:00,7.802,1.0537,0.3707,32.22,286.0
West-Pier-Joint,Beam-to-pier connection on west side,2024-01-29 12:00:00,7.8262,1.0557,0.2169,21.42,837.8
West-Pier-Joint,Beam-to-pier connection on west side,2024-01-29 16:00:00,7.8389,1.0584,0.4068,6.35,1097.9
West-Pier-Joint,Beam-to-pier connection on west side,2024-01-29 20:00:00,7.8535,1.0647,0.4651,9.54,564.8
West-Pier-Joint,Beam-to-pier connection on west side,2024-01-30 00:00:00,7.8662,1.0659,0.3782,18.9,558.6
West-Pier-Joint,Beam-to-pier connection on west side,2024-01-30 04:00:00,7.8881,1.0656,0.4833,28.16,902.1
West-Pier-Joint,Beam-to-pier connection on west side,2024-01-30 08:00:00,7.9021,1.068,0.3271,30.53,612.3
West-Pier-Joint,Beam-to-pier connection on west side,2024-01-30 12:00:00,7.9183,1.0691,0.5847,16.53,577.8
West-Pier-Joint,Beam-to-pier connection on west side,2024-01-30 16:00:00,7.9355,1.067,0.4291,5.73,1197.7
West-Pier-Joint,Beam-to-pier connection on west side,2024-01-30 20:00:00,7.9507,1.0708,0.3004,6.58,315.1
South-Abutment,Foundation zone at southern end,2024-01-01 00:00:00,7.0176,1.003,0.321,20.38,848.2
South-Abutment,Foundation zone at southern end,2024-01-01 04:00:00,7.0496,1.0046,0.5773,29.16,351.4
South-Abutment,Foundation zone at southern end,2024-01-01 08:00:00,7.0768,1.0049,0.269,25.7,326.8
South-Abutment,Foundation zone at southern end,2024-01-01 12:00:00,7.0991,1.0062,0.4672,17.46,408.8
South-Abutment,Foundation zone at southern end,2024-01-01 16:00:00,7.122,1.0092,0.3885,9.1,545.5
South-Abutment,Foundation zone at southern end,2024-01-01 20:00:00,7.1426,1.0133,0.1396,9.69,765.9
South-Abutment,Foundation zone at southern end,2024-01-02 00:00:00,7.1622,1.0144,0.1757,16.84,632.8
South-Abutment,Foundation zone at southern end,2024-01-02 04:00:00,7.19,1.0178,0.5698,28.65,955.1
South-Abutment,Foundation zone at southern end,2024-01-02 08:00:00,7.2093,1.0191,0.415,28.32,1028.7
South-Abutment,Foundation zone at southern end,2024-01-02 12:00:00,7.2337,1.0201,0.5704,19.35,324.3
South-Abutment,Foundation zone at southern end,2024-01-02 16:00:00,7.2538,1.0231,0.3581,7.46,780.6
South-Abutment,Foundation zone at southern end,2024-01-02 20:00:00,7.2738,1.0275,0.3406,8.32,1009.7
South-Abutment,Foundation zone at southern end,2024-01-03 00:00:00,7.2916,1.0304,0.422,17.74,581.0
South-Abutment,Foundation zone at southern end,2024-01-03 04:00:00,7.3129,1.0302,0.5512,27.51,583.2
South-Abutment,Foundation zone at southern end,2024-01-03 08:00:00,7.3399,1.0354,0.2766,28.88,999.8
South-Abutment,Foundation zone at southern end,2024-01-03 12:00:00,7.3563,1.0416,0.4157,18.32,984.4
South-Abutment,Foundation zone at southern end,2024-01-03 16:00:00,7.3804,1.0464,0.4025,7.69,420.5
South-Abutment,Foundation zone at southern end,2024-01-03 20:00:00,7.4069,1.0501,0.1924,10.51,259.6
South-Abutment,Foundation zone at southern end,2024-01-04 00:00:00,7.4291,1.0502,0.4333,15.68,280.1
South-Abutment,Foundation zone at southern end,2024-01-04 04:00:00,7.4481,1.0525,0.1922,28.08,402.3
South-Abutment,Foundation zone at southern end,2024-01-04 08:00:00,7.4599,1.0547,0.3416,28.82,582.8
South-Abutment,Foundation zone at southern end,2024-01-04 12:00:00,7.4818,1.0558,0.3528,18.28,262.0
South-Abutment,Foundation zone at southern end,2024-01-04 16:00:00,7.5052,1.0627,0.3789,9.13,1159.8
South-Abutment,Foundation zone at southern end,2024-01-04 20:00:00,7.5251,1.067,0.1228,8.5,1146.0
South-Abutment,Foundation zone at southern end,2024-01-05 00:00:00,7.5481,1.0703,0.2791,15.54,1189.5
South-Abutment,Foundation zone at southern end,2024-01-05 04:00:00,7.5662,1.0731,0.1713,28.59,582.1
South-Abutment,Foundation zone at southern end,2024-01-05 08:00:00,7.5951,1.0759,0.3448,26.72,615.4
South-Abutment,Foundation zone at southern end,2024-01-05 12:00:00,7.6116,1.0774,0.4643,18.76,515.4
South-Abutment,Foundation zone at southern end,2024-01-05 16:00:00,7.6378,1.0783,0.3735,8.54,675.1
South-Abutment,Foundation zone at southern end,2024-01-05 20:00:00,7.6629,1.0804,0.4912,5.64,1192.5
South-Abutment,Foundation zone at southern end,2024-01-06 00:00:00,7.687,1.0818,0.2997,17.26,609.7
South-Abutment,Foundation zone at southern end,2024-01-06 04:00:00,7.714,1.085,0.4654,30.01,620.0
South-Abutment,Foundation zone at southern end,2024-01-06 08:00:00,7.7367,1.0871,0.1298,28.9,892.1
South-Abutment,Foundation zone at southern end,2024-01-06 12:00:00,7.7593,1.0897,0.3743,16.4,602.7
South-Abutment,Foundation zone at southern end,2024-01-06 16:00:00,7.7773,1.095,0.298,8.21,333.0
South-Abutment,Foundation zone at southern end,2024-01-06 20:00:00,7.8037,1.0942,0.3419,5.85,618.4
South-Abutment,Foundation zone at southern end,2024-01-07 00:00:00,7.8268,1.094,0.3359,16.23,753.5
South-Abutment,Foundation zone at southern end,2024-01-07 04:00:00,7.8533,1.0954,0.4711,28.9,225.2
South-Abutment,Foundation zone at southern end,2024-01-07 08:00:00,7.8774,1.0994,0.4475,25.96,767.4
South-Abutment,Foundation zone at southern end,2024-01-07 12:00:00,7.8979,1.1008,0.4051,19.24,688.2
South-Abutment,Foundation zone at southern end,2024-01-07 16:00:00,7.9138,1.1034,0.3569,10.32,488.2
South-Abutment,Foundation zone at southern end,2024-01-07 20:00:00,7.936,1.1054,0.2428,7.27,934.6
South-Abutment,Foundation zone at southern end,2024-01-08 00:00:00,7.958,1.1092,0.4128,16.66,750.5
South-Abutment,Foundation zone at southern end,2024-01-08 04:00:00,7.9839,1.1122,0.5483,24.63,396.3
South-Abutment,Foundation zone at southern end,2024-01-08 08:00:00,8.0077,1.1152,0.3148,30.27,949.9
South-Abutment,Foundation zone at southern end,2024-01-08 12:00:00,8.0264,1.1162,0.1904,19.24,468.8
South-Abutment,Foundation zone at southern end,2024-01-08 16:00:00,8.041,1.1174,0.394,8.39,626.5
South-Abutment,Foundation zone at southern end,2024-01-08 20:00:00,8.056,1.1201,0.1439,7.91,371.8
South-Abutment,Foundation zone at southern end,2024-01-09 00:00:00,8.0716,1.1254,0.5059,16.92,213.9
South-Abutment,Foundation zone at southern end,2024-01-09 04:00:00,8.0941,1.1301,0.4993,30.17,1132.8
South-Abutment,Foundation zone at southern end,2024-01-09 08:00:00,8.12,1.1342,0.4395,31.25,1131.7
South-Abutment,Foundation zone at southern end,2024-01-09 12:00:00,8.1398,1.1376,0.1246,17.45,431.1
South-Abutment,Foundation zone at southern end,2024-01-09 16:00:00,8.1609,1.138,0.5296,6.9,700.1
South-Abutment,Foundation zone at southern end,2024-01-09 20:00:00,8.1804,1.1374,0.479,8.75,960.0
South-Abutment,Foundation zone at southern end,2024-01-10 00:00:00,8.2032,1.1415,0.2517,18.84,981.9
South-Abutment,Foundation zone at southern end,2024-01-10 04:00:00,8.2273,1.1426,0.5828,29.97,593.6
South-Abutment,Foundation zone at southern end,2024-01-10 08:00:00,8.2553,1.1438,0.2034,29.19,704.5
South-Abutment,Foundation zone at southern end,2024-01-10 12:00:00,8.2758,1.1437,0.4226,15.33,945.2
South-Abutment,Foundation zone at southern end,2024-01-10 16:00:00,8.2962,1.1491,0.4917,6.36,1109.3
South-Abutment,Foundation zone at southern end,2024-01-10 20:00:00,8.3132,1.1496,0.5485,6.57,1046.1
South-Abutment,Foundation zone at southern end,2024-01-11 00:00:00,8.3314,1.1541,0.1545,17.97,448.5
South-Abutment,Foundation zone at southern end,2024-01-11 04:00:00,8.3514,1.1576,0.5377,27.51,502.5
South-Abutment,Foundation zone at southern end,2024-01-11 08:00:00,8.374,1.1647,0.4413,28.89,531.6
South-Abutment,Foundation zone at southern end,2024-01-11 12:00:00,8.3995,1.166,0.3553,18.01,320.0
South-Abutment,Foundation zone at southern end,2024-01-11 16:00:00,8.4234,1.1704,0.4312,7.41,951.8
South-Abutment,Foundation zone at southern end,2024-01-11 20:00:00,8.4485,1.1753,0.1658,6.97,905.0
South-Abutment,Foundation zone at southern end,2024-01-12 00:00:00,8.4679,1.1774,0.1844,18.83,253.6
South-Abutment,Foundation zone at southern end,2024-01-12 04:00:00,8.4916,1.1794,0.5245,31.1,583.4
South-Abutment,Foundation zone at southern end,2024-01-12 08:00:00,8.5148,1.1804,0.4602,26.38,711.1
South-Abutment,Foundation zone at southern end,2024-01-12 12:00:00,8.5353,1.1837,0.5144,21.44,1029.6
South-Abutment,Foundation zone at southern end,2024-01-12 16:00:00,8.5612,1.1871,0.4485,8.32,563.0
South-Abutment,Foundation zone at southern end,2024-01-12 20:00:00,8.5827,1.19,0.1563,8.52,607.8
South-Abutment,Foundation zone at southern end,2024-01-13 00:00:00,8.6081,1.1947,0.2244,15.92,1142.1
South-Abutment,Foundation zone at southern end,2024-01-13 04:00:00,8.6295,1.1967,0.2966,27.3,339.3
South-Abutment,Foundation zone at southern end,2024-01-13 08:00:00,8.652,1.1939,0.2786,28.3,544.1
South-Abutment,Foundation zone at southern end,2024-01-13 12:00:00,8.67,1.1966,0.54,19.41,705.5
South-Abutment,Foundation zone at southern end,2024-01-13 16:00:00,8.6898,1.2021,0.3977,7.93,615.1
South-Abutment,Foundation zone at southern end,2024-01-13 20:00:00,8.7077,1.2084,0.1979,7.03,1020.3
South-Abutment,Foundation zone at southern end,2024-01-14 00:00:00,8.729,1.2128,0.4761,15.52,712.9
South-Abutment,Foundation zone at southern end,2024-01-14 04:00:00,8.7507,1.2168,0.5979,25.88,635.3
South-Abutment,Foundation zone at southern end,2024-01-14 08:00:00,8.7709,1.2204,0.1001,26.28,1115.0
South-Abutment,Foundation zone at southern end,2024-01-14 12:00:00,8.7924,1.2223,0.1839,19.02,320.4
South-Abutment,Foundation zone at southern end,2024-01-14 16:00:00,8.8168,1.2224,0.1596,7.43,712.4
South-Abutment,Foundation zone at southern end,2024-01-14 20:00:00,8.8388,1.2242,0.4107,5.37,918.7
South-Abutment,Foundation zone at southern end,2024-01-15 00:00:00,8.8654,1.2291,0.3221,17.14,875.6
South-Abutment,Foundation zone at southern end,2024-01-15 04:00:00,8.8864,1.2348,0.533,28.43,209.9
South-Abutment,Foundation zone at southern end,2024-01-15 08:00:00,8.9106,1.238,0.5934,28.38,954.6
South-Abutment,Foundation zone at southern end,2024-01-15 12:00:00,8.935,1.2397,0.5961,15.56,1057.5
South-Abutment,Foundation zone at southern end,2024-01-15 16:00:00,8.9552,1.2402,0.5094,5.48,537.3
South-Abutment,Foundation zone at southern end,2024-01-15 20:00:00,8.9771,1.2401,0.2168,6.42,268.2
South-Abutment,Foundation zone at southern end,2024-01-16 00:00:00,8.9927,1.2427,0.2884,17.01,1075.9
South-Abutment,Foundation zone at southern end,2024-01-16 04:00:00,9.0097,1.2432,0.2651,29.77,306.8
South-Abutment,Foundation zone at southern end,2024-01-16 08:00:00,9.0297,1.244,0.4916,27.01,322.5
South-Abutment,Foundation zone at southern end,2024-01-16 12:00:00,9.0535,1.2457,0.1353,18.48,1109.4
South-Abutment,Foundation zone at southern end,2024-01-16 16:00:00,9.0762,1.248,0.5777,6.4,447.0
South-Abutment,Foundation zone at southern end,2024-01-16 20:00:00,9.1043,1.2507,0.527,7.94,213.2
South-Abutment,Foundation zone at southern end,2024-01-17 00:00:00,9.1222,1.2552,0.2445,17.04,577.1
South-Abutment,Foundation zone at southern end,2024-01-17 04:00:00,9.1419,1.256,0.1799,25.04,891.2
South-Abutment,Foundation zone at southern end,2024-01-17 08:00:00,9.1645,1.259,0.4697,30.56,845.5
South-Abutment,Foundation zone at southern end,2024-01-17 12:00:00,9.1837,1.2614,0.1437,16.21,577.4
South-Abutment,Foundation zone at southern end,2024-01-17 16:00:00,9.2062,1.265,0.1216,7.41,379.1
South-Abutment,Foundation zone at southern end,2024-01-17 20:00:00,9.2333,1.2665,0.1706,7.41,963.5
South-Abutment,Foundation zone at southern end,2024-01-18 00:00:00,9.2484,1.2696,0.196,19.8,346.0
South-Abutment,Foundation zone at southern end,2024-01-18 04:00:00,9.2653,1.27,0.5041,29.69,269.0
South-Abutment,Foundation zone at southern end,2024-01-18 08:00:00,9.2922,1.2717,0.1743,26.29,796.5
South-Abutment,Foundation zone at southern end,2024-01-18 12:00:00,9.3101,1.2722,0.1661,19.77,396.7
South-Abutment,Foundation zone at southern end,2024-01-18 16:00:00,9.3389,1.2738,0.448,9.38,562.5
South-Abutment,Foundation zone at southern end,2024-01-18 20:00:00,9.3599,1.2781,0.3345,8.41,1000.9
South-Abutment,Foundation zone at southern end,2024-01-19 00:00:00,9.3859,1.2795,0.1279,16.34,809.8
South-Abutment,Foundation zone at southern end,2024-01-19 04:00:00,9.4047,1.2815,0.1403,26.32,347.2
South-Abutment,Foundation zone at southern end,2024-01-19 08:00:00,9.4268,1.2855,0.2538,26.8,1126.1
South-Abutment,Foundation zone at southern end,2024-01-19 12:00:00,9.4555,1.293,0.3733,16.79,1084.5
South-Abutment,Foundation zone at southern end,2024-01-19 16:00:00,9.4762,1.2983,0.5582,6.9,527.8
South-Abutment,Foundation zone at southern end,2024-01-19 20:00:00,9.501,1.304,0.2694,6.63,1152.1
South-Abutment,Foundation zone at southern end,2024-01-20 00:00:00,9.5162,1.3064,0.2135,17.64,943.9
South-Abutment,Foundation zone at southern end,2024-01-20 04:00:00,9.5363,1.3033,0.2711,29.57,1161.6
South-Abutment,Foundation zone at southern end,2024-01-20 08:00:00,9.5577,1.3049,0.3845,29.44,962.2
South-Abutment,Foundation zone at southern end,2024-01-20 12:00:00,9.5848,1.3064,0.3168,19.6,1048.5
South-Abutment,Foundation zone at southern end,2024-01-20 16:00:00,9.6098,1.3085,0.4708,7.85,1005.1
South-Abutment,Foundation zone at southern end,2024-01-20 20:00:00,9.6288,1.3149,0.1256,9.25,601.9
South-Abutment,Foundation zone at southern end,2024-01-21 00:00:00,9.6557,1.3181,0.4174,16.89,386.4
South-Abutment,Foundation zone at southern end,2024-01-21 04:00:00,9.6765,1.324,0.202,30.82,491.9
South-Abutment,Foundation zone at southern end,2024-01-21 08:00:00,9.6888,1.3247,0.549,27.07,725.0
South-Abutment,Foundation zone at southern end,2024-01-21 12:00:00,9.7132,1.3249,0.3234,19.27,323.4
South-Abutment,Foundation zone at southern end,2024-01-21 16:00:00,9.7398,1.3305,0.1766,7.88,928.1
South-Abutment,Foundation zone at southern end,2024-01-21 20:00:00,9.7554,1.335,0.4849,8.6,1175.4
South-Abutment,Foundation zone at southern end,2024-01-22 00:00:00,9.7783,1.3397,0.5487,17.14,319.4
South-Abutment,Foundation zone at southern end,2024-01-22 04:00:00,9.8049,1.3422,0.3987,27.57,593.6
South-Abutment,Foundation zone at southern end,2024-01-22 08:00:00,9.8252,1.3441,0.1441,29.67,976.8
South-Abutment,Foundation zone at southern end,2024-01-22 12:00:00,9.8479,1.3504,0.3152,18.54,365.5
South-Abutment,Foundation zone at southern end,2024-01-22 16:00:00,9.8709,1.3541,0.2059,5.86,241.5
South-Abutment,Foundation zone at southern end,2024-01-22 20:00:00,9.896,1.3567,0.529,4.79,866.9
South-Abutment,Foundation zone at southern end,2024-01-23 00:00:00,9.9184,1.3586,0.3638,18.5,458.9
South-Abutment,Foundation zone at southern end,2024-01-23 04:00:00,9.9359,1.3619,0.3662,27.34,764.4
South-Abutment,Foundation zone at southern end,2024-01-23 08:00:00,9.9529,1.3648,0.5849,30.58,927.6
South-Abutment,Foundation zone at southern end,2024-01-23 12:00:00,9.9791,1.3704,0.3959,18.19,392.0
South-Abutment,Foundation zone at southern end,2024-01-23 16:00:00,10.0109,1.3702,0.3643,7.23,534.4
South-Abutment,Foundation zone at southern end,2024-01-23 20:00:00,10.0324,1.3712,0.5026,7.74,385.8
South-Abutment,Foundation zone at southern end,2024-01-24 00:00:00,10.0618,1.3749,0.2384,16.86,758.2
South-Abutment,Foundation zone at southern end,2024-01-24 04:00:00,10.0892,1.3759,0.5613,28.1,702.4
South-Abutment,Foundation zone at southern end,2024-01-24 08:00:00,10.1093,1.3787,0.2682,28.35,1120.5
South-Abutment,Foundation zone at southern end,2024-01-24 12:00:00,10.1412,1.3821,0.4703,17.59,685.0
South-Abutment,Foundation zone at southern end,2024-01-24 16:00:00,10.1561,1.3832,0.3146,7.46,274.9
South-Abutment,Foundation zone at southern end,2024-01-24 20:00:00,10.179,1.3846,0.3525,6.69,968.7
South-Abutment,Foundation zone at southern end,2024-01-25 00:00:00,10.1996,1.387,0.2312,19.77,621.7
South-Abutment,Foundation zone at southern end,2024-01-25 04:00:00,10.2169,1.3874,0.3888,27.56,770.9
South-Abutment,Foundation zone at southern end,2024-01-25 08:00:00,10.2354,1.3906,0.1497,27.98,966.6
South-Abutment,Foundation zone at southern end,2024-01-25 12:00:00,10.2544,1.3976,0.4504,19.52,485.2
South-Abutment,Foundation zone at southern end,2024-01-25 16:00:00,10.2754,1.4019,0.241,10.04,518.0
South-Abutment,Foundation zone at southern end,2024-01-25 20:00:00,10.2945,1.4021,0.4052,7.56,746.4
South-Abutment,Foundation zone at southern end,2024-01-26 00:00:00,10.3206,1.4074,0.3574,18.29,299.6
South-Abutment,Foundation zone at southern end,2024-01-26 04:00:00,10.3427,1.4114,0.1399,25.94,883.1
South-Abutment,Foundation zone at southern end,2024-01-26 08:00:00,10.3609,1.4147,0.4832,28.72,606.4
South-Abutment,Foundation zone at southern end,2024-01-26 12:00:00,10.382,1.4159,0.5496,19.26,823.5
South-Abutment,Foundation zone at southern end,2024-01-26 16:00:00,10.4078,1.4181,0.2505,8.75,384.0
South-Abutment,Foundation zone at southern end,2024-01-26 20:00:00,10.4292,1.4203,0.2129,10.04,816.6
South-Abutment,Foundation zone at southern end,2024-01-27 00:00:00,10.4511,1.4224,0.5923,16.24,409.1
South-Abutment,Foundation zone at southern end,2024-01-27 04:00:00,10.4719,1.4251,0.4845,27.85,625.5
South-Abutment,Foundation zone at southern end,2024-01-27 08:00:00,10.4929,1.4281,0.5083,28.3,1085.2
South-Abutment,Foundation zone at southern end,2024-01-27 12:00:00,10.5146,1.4311,0.5566,16.71,588.0
South-Abutment,Foundation zone at southern end,2024-01-27 16:00:00,10.5386,1.4319,0.2817,7.86,1138.2
South-Abutment,Foundation zone at southern end,2024-01-27 20:00:00,10.5639,1.4363,0.4504,5.78,965.3
South-Abutment,Foundation zone at southern end,2024-01-28 00:00:00,10.5828,1.4413,0.2414,17.76,504.5
South-Abutment,Foundation zone at southern end,2024-01-28 04:00:00,10.6024,1.4418,0.3173,27.65,1069.5
South-Abutment,Foundation zone at southern end,2024-01-28 08:00:00,10.6302,1.4427,0.4041,27.51,644.6
South-Abutment,Foundation zone at southern end,2024-01-28 12:00:00,10.6462,1.4451,0.1292,19.12,499.9
South-Abutment,Foundation zone at southern end,2024-01-28 16:00:00,10.6609,1.451,0.1287,5.87,783.3
South-Abutment,Foundation zone at southern end,2024-01-28 20:00:00,10.6835,1.4484,0.3097,9.11,901.1
South-Abutment,Foundation zone at southern end,2024-01-29 00:00:00,10.7063,1.4512,0.2841,17.58,1179.0
South-Abutment,Foundation zone at southern end,2024-01-29 04:00:00,10.7346,1.4547,0.555,24.32,917.3
South-Abutment,Foundation zone at southern end,2024-01-29 08:00:00,10.7608,1.4558,0.3376,28.2,586.1
South-Abutment,Foundation zone at southern end,2024-01-29 12:00:00,10.7818,1.4591,0.3749,17.95,617.2
South-Abutment,Foundation zone at southern end,2024-01-29 16:00:00,10.8087,1.458,0.1273,7.94,1171.8
South-Abutment,Foundation zone at southern end,2024-01-29 20:00:00,10.8274,1.4595,0.3347,7.78,1057.9
South-Abutment,Foundation zone at southern end,2024-01-30 00:00:00,10.8468,1.461,0.49,17.41,671.6
South-Abutment,Foundation zone at southern end,2024-01-30 04:00:00,10.8638,1.4635,0.2664,27.66,1139.9
South-Abutment,Foundation zone at southern end,2024-01-30 08:00:00,10.8907,1.4643,0.4548,28.24,1183.7
South-Abutment,Foundation zone at southern end,2024-01-30 12:00:00,10.9112,1.4646,0.1922,19.47,239.4
South-Abutment,Foundation zone at southern end,2024-01-30 16:00:00,10.9406,1.4669,0.1136,5.64,983.5
South-Abutment,Foundation zone at southern end,2024-01-30 20:00:00,10.9662,1.469,0.3678,9.01,677.0
